-- MySQL dump 10.13  Distrib 8.0.32, for Win64 (x86_64)
--
-- Host: 127.0.0.1    Database: online_ordering_system
-- ------------------------------------------------------
-- Server version	8.0.32

/*!40101 SET @OLD_CHARACTER_SET_CLIENT=@@CHARACTER_SET_CLIENT */;
/*!40101 SET @OLD_CHARACTER_SET_RESULTS=@@CHARACTER_SET_RESULTS */;
/*!40101 SET @OLD_COLLATION_CONNECTION=@@COLLATION_CONNECTION */;
/*!50503 SET NAMES utf8 */;
/*!40103 SET @OLD_TIME_ZONE=@@TIME_ZONE */;
/*!40103 SET TIME_ZONE='+00:00' */;
/*!40014 SET @OLD_UNIQUE_CHECKS=@@UNIQUE_CHECKS, UNIQUE_CHECKS=0 */;
/*!40014 SET @OLD_FOREIGN_KEY_CHECKS=@@FOREIGN_KEY_CHECKS, FOREIGN_KEY_CHECKS=0 */;
/*!40101 SET @OLD_SQL_MODE=@@SQL_MODE, SQL_MODE='NO_AUTO_VALUE_ON_ZERO' */;
/*!40111 SET @OLD_SQL_NOTES=@@SQL_NOTES, SQL_NOTES=0 */;

--
-- Table structure for table `admin`
--

DROP TABLE IF EXISTS `admin`;
/*!40101 SET @saved_cs_client     = @@character_set_client */;
/*!50503 SET character_set_client = utf8mb4 */;
CREATE TABLE `admin` (
                         `id` int NOT NULL AUTO_INCREMENT COMMENT 'id',
                         `username` varchar(255) CHARACTER SET utf8mb4 COLLATE utf8mb4_unicode_ci DEFAULT NULL COMMENT '用户名称',
                         `password` varchar(25) CHARACTER SET utf8mb4 COLLATE utf8mb4_unicode_ci DEFAULT NULL COMMENT '密码',
                         `nickname` varchar(255) CHARACTER SET utf8mb4 COLLATE utf8mb4_unicode_ci DEFAULT NULL COMMENT '昵称',
                         `avatar_url` varchar(255) CHARACTER SET utf8mb4 COLLATE utf8mb4_unicode_ci DEFAULT NULL COMMENT '头像',
                         `tel` varchar(255) CHARACTER SET utf8mb4 COLLATE utf8mb4_unicode_ci DEFAULT NULL COMMENT '手机号',
                         `email` varchar(255) CHARACTER SET utf8mb4 COLLATE utf8mb4_unicode_ci DEFAULT NULL COMMENT '邮箱',
                         `status` varchar(128) CHARACTER SET utf8mb4 COLLATE utf8mb4_unicode_ci DEFAULT NULL COMMENT '状态',
                         `create_time` datetime DEFAULT CURRENT_TIMESTAMP COMMENT '创建时间',
                         PRIMARY KEY (`id`) USING BTREE
) ENGINE=InnoDB AUTO_INCREMENT=12 DEFAULT CHARSET=utf8mb4 COLLATE=utf8mb4_unicode_ci ROW_FORMAT=DYNAMIC;
/*!40101 SET character_set_client = @saved_cs_client */;

--
-- Dumping data for table `admin`
--

INSERT INTO `admin` VALUES (1,'admin','123456','管理员','http://localhost:1000/file/17be9ef51e7a5f6a5cfde0ee5db9f9e9.png','123456','123456@qq.com','启用','2024-12-07 17:29:35');

--
-- Table structure for table `advertising`
--

DROP TABLE IF EXISTS `advertising`;
/*!40101 SET @saved_cs_client     = @@character_set_client */;
/*!50503 SET character_set_client = utf8mb4 */;
CREATE TABLE `advertising` (
                               `id` int NOT NULL AUTO_INCREMENT COMMENT 'id',
                               `position` varchar(255) CHARACTER SET utf8mb4 COLLATE utf8mb4_unicode_ci NOT NULL COMMENT '位置',
                               `title` varchar(255) CHARACTER SET utf8mb4 COLLATE utf8mb4_unicode_ci NOT NULL COMMENT '标题',
                               `link` varchar(255) CHARACTER SET utf8mb4 COLLATE utf8mb4_unicode_ci NOT NULL COMMENT '链接',
                               `main_img` text CHARACTER SET utf8mb4 COLLATE utf8mb4_unicode_ci NOT NULL COMMENT '封面图',
                               `sort` int NOT NULL COMMENT '排序',
                               `create_time` timestamp NOT NULL DEFAULT CURRENT_TIMESTAMP COMMENT '创建时间',
                               PRIMARY KEY (`id`) USING BTREE
) ENGINE=InnoDB AUTO_INCREMENT=4 DEFAULT CHARSET=utf8mb4 COLLATE=utf8mb4_unicode_ci ROW_FORMAT=DYNAMIC COMMENT='广告位';
/*!40101 SET character_set_client = @saved_cs_client */;

--
-- Dumping data for table `advertising`
--

INSERT INTO `advertising` VALUES (1,'轮播图左侧','热卖推荐1','/productList?name=蛋糕','http://localhost:1000/file/f9061c376ca6f6102551ffb7c7ac23a1.gif',0,'2025-02-10 14:14:45');
INSERT INTO `advertising` VALUES (2,'轮播图右侧','热卖推荐2','/productList?shopId=4','http://localhost:1000/file/4d71b3f02e9b5958bcde476648552632.webp',0,'2025-02-10 14:15:12');

--
-- Table structure for table `product`
--

DROP TABLE IF EXISTS `product`;
/*!40101 SET @saved_cs_client     = @@character_set_client */;
/*!50503 SET character_set_client = utf8mb4 */;
CREATE TABLE `product` (
                           `id` int NOT NULL AUTO_INCREMENT COMMENT 'id',
                           `name` varchar(255) CHARACTER SET utf8mb4 COLLATE utf8mb4_unicode_ci NOT NULL COMMENT '名称',
                           `main_img` text CHARACTER SET utf8mb4 COLLATE utf8mb4_unicode_ci NOT NULL COMMENT '封面图',
                           `img_list` text CHARACTER SET utf8mb4 COLLATE utf8mb4_unicode_ci NOT NULL COMMENT '详细图片',
                           `product_type_id` int NOT NULL COMMENT '分类',
                           `price` float NOT NULL COMMENT '价格',
                           `stock` int NOT NULL COMMENT '库存',
                           `sales_volume` int NOT NULL COMMENT '销量',
                           `intro` text CHARACTER SET utf8mb4 COLLATE utf8mb4_unicode_ci NOT NULL COMMENT '简介',
                           `shop_id` int NOT NULL COMMENT '商家',
                           `create_time` timestamp NOT NULL DEFAULT CURRENT_TIMESTAMP COMMENT '创建时间',
                           PRIMARY KEY (`id`) USING BTREE
) ENGINE=InnoDB AUTO_INCREMENT=13 DEFAULT CHARSET=utf8mb4 COLLATE=utf8mb4_unicode_ci ROW_FORMAT=DYNAMIC COMMENT='商品信息';
/*!40101 SET character_set_client = @saved_cs_client */;

--
-- Dumping data for table `product`
--

INSERT INTO `product` VALUES (1,'森林小红帽 巧克力草莓蛋糕6英寸','http://localhost:1000/file/5df83b2d739744890072bd2fda4b645a.png','http://localhost:1000/file/5df83b2d739744890072bd2fda4b645a.png',6,79.9,97,3,'<p><br></p><p><br></p><p>用户好评</p><p>50条评价</p><p><span style=\"color: rgb(25, 25, 25);\">p***r</span></p><p>蛋糕很好吃，是纯动物奶油的，送货很及时，这个生日过的很开心，下次还是会选择这家店的</p><p>2图</p><p><span style=\"color: rgb(25, 25, 25);\">5***a</span></p><p>临时买的生日蛋糕，没想到特别不错！动物奶油很健康，巧克力是微微苦那种，很符合我们口味！</p><p>1图</p><p><span style=\"color: rgb(25, 25, 25);\">匿名用户</span></p><p>很好吃，，包装严谨，新鲜口感，还会再回购的</p><p>3图</p><p><span style=\"color: rgb(25, 25, 25);\">影***Y</span></p><p>＃森林小红帽，一直都很喜欢吃这家的巧克力蛋糕，小小一个，两个人吃刚刚好，巧克力和里面的夹心，酸酸甜甜的特别好吃?动物奶油不会太腻，两个人就干完了这个蛋糕?开心?</p><p>1图</p><p><span style=\"color: rgb(25, 25, 25);\">匿名用户</span></p><p>蛋糕造型不错，非常好吃，不会很甜，小孩喜欢吃。</p><p>2图</p><p><span style=\"color: rgb(25, 25, 25);\">e***9</span></p><p>味道很不错，很赞，下次还会继续购买的 #【动物奶油】森林小红帽 6英寸草莓甜品下午茶-6英寸适合1-3人食用# 餐品分量：足量 包装品质：精美</p><p><span style=\"color: rgb(25, 25, 25);\">志***油</span></p><p>味道口感：味道非常好吃，动物奶油用料健康可靠 餐品分量：份量十足，这款有六寸 包装品质：包装十分精致，很好看 配送：配送很快，下雨天辛苦咯 #森林小红帽 6英寸草莓甜品下午茶# #生日蜡烛 单拍不送# #温馨提示，下单后预计2-3小时送达#</p><p><span style=\"color: rgb(25, 25, 25);\">菠***7</span></p><p>#森林小红帽 6英寸草莓甜品下午茶# 很不错，很好吃，份量多，好吃，不腻，很香</p><p><span style=\"color: rgb(25, 25, 25);\">匿名用户</span></p><p>#【动物奶油】森林小红帽 6英寸草莓甜品下午茶-6英寸适合1-3人食用# 不戳 口感好</p><p><span style=\"color: rgb(25, 25, 25);\">爱***猫</span></p><p>#森林小红帽 6英寸草莓甜品下午茶#蛋糕 好吃又好看，会回购的</p><p>查看评价详情</p><p>用户好评</p><p>50条评价</p><p><span style=\"color: rgb(25, 25, 25);\">p***r</span></p><p>蛋糕很好吃，是纯动物奶油的，送货很及时，这个生日过的很开心，下次还是会选择这家店的</p><p>2图</p><p><span style=\"color: rgb(25, 25, 25);\">5***a</span></p><p>临时买的生日蛋糕，没想到特别不错！动物奶油很健康，巧克力是微微苦那种，很符合我们口味！</p><p>1图</p><p><span style=\"color: rgb(25, 25, 25);\">匿名用户</span></p><p>很好吃，，包装严谨，新鲜口感，还会再回购的</p><p>3图</p><p><span style=\"color: rgb(25, 25, 25);\">影***Y</span></p><p>＃森林小红帽，一直都很喜欢吃这家的巧克力蛋糕，小小一个，两个人吃刚刚好，巧克力和里面的夹心，酸酸甜甜的特别好吃?动物奶油不会太腻，两个人就干完了这个蛋糕?开心?</p><p>1图</p><p><span style=\"color: rgb(25, 25, 25);\">匿名用户</span></p><p>蛋糕造型不错，非常好吃，不会很甜，小孩喜欢吃。</p><p>2图</p><p><span style=\"color: rgb(25, 25, 25);\">e***9</span></p><p>味道很不错，很赞，下次还会继续购买的 #【动物奶油】森林小红帽 6英寸草莓甜品下午茶-6英寸适合1-3人食用# 餐品分量：足量 包装品质：精美</p><p><span style=\"color: rgb(25, 25, 25);\">志***油</span></p><p>味道口感：味道非常好吃，动物奶油用料健康可靠 餐品分量：份量十足，这款有六寸 包装品质：包装十分精致，很好看 配送：配送很快，下雨天辛苦咯 #森林小红帽 6英寸草莓甜品下午茶# #生日蜡烛 单拍不送# #温馨提示，下单后预计2-3小时送达#</p><p><span style=\"color: rgb(25, 25, 25);\">菠***7</span></p><p>#森林小红帽 6英寸草莓甜品下午茶# 很不错，很好吃，份量多，好吃，不腻，很香</p><p><span style=\"color: rgb(25, 25, 25);\">匿名用户</span></p><p>#【动物奶油】森林小红帽 6英寸草莓甜品下午茶-6英寸适合1-3人食用# 不戳 口感好</p><p><span style=\"color: rgb(25, 25, 25);\">爱***猫</span></p><p>#森林小红帽 6英寸草莓甜品下午茶#蛋糕 好吃又好看，会回购的</p><p>查看评价详情</p><p>1/2</p><p>评价</p><p>99.1</p><p>¥79.9</p><p>¥</p><p>69.9</p><p>预估到手</p><p><span style=\"color: rgb(153, 153, 153);\">¥169</span></p><p>4.73折</p><p>限2份</p><p>森林小红帽 巧克力草莓蛋糕6英寸</p><p>月售 38 好评率 100%</p><p>+ 加入购物车</p><p>详情</p><p>评价</p><p>推荐</p><p>¥79.9</p><p><span style=\"color: rgb(153, 153, 153);\">¥169</span></p><p>¥</p><p>69.9</p><p>预估到手</p><p>详情</p><p>评价</p><p>50</p><p>推荐</p><p><span style=\"color: rgb(25, 25, 25);\">商品详情</span></p><p>商品描述</p><p>黑巧云朵口口馥郁，草莓山丘颗颗满足。【夹心】黑樱桃馅；【主要原料】动物奶油，樱桃罐头，鸡蛋，代可可脂巧克力，草莓，小麦粉；【配件标配】6英寸，5碟5叉1刀、1蜡烛、1生日快乐插牌、1纸质生日帽；【储存方式】0-4℃冷藏保存，收到产品后1-2小时内食用为佳，限当天食用。</p><p>原料</p><p>动物奶油</p><p>份量</p><p>约6英寸</p><p>制作方法</p><p> 烘焙</p><p>奶油类型</p><p> 动物奶油</p><p>包装特色</p><p> 保温</p><p>制作时长</p><p> 15～30分钟</p><p>价格说明</p><p>商品评价</p><p>查看全部评价</p><p>全部 50</p><p>有图/视频 12</p><p>最新</p><p>p***r</p><p>2024-10-23</p><p>蛋糕很好吃，是纯动物奶油的，送货很及时，这个生日过的很开心，下次还是会选择这家店的</p><p>TA点赞了该商品</p><p>有用</p><p>5***a</p><p>2024-10-29</p><p>临时买的生日蛋糕，没想到特别不错！动物奶油很健康，巧克力是微微苦那种，很符合我们口味！</p><p>TA点赞了该商品</p><p>有用</p><p>更多推荐</p><p>芋泥爆爆 香浓芋泥蛋糕6英寸</p><p><span style=\"color: rgb(153, 153, 153);\">【主要原料】动物奶油（稀奶油），鸡蛋，纯牛奶，香芋，小麦粉，果味酱 【配件标配】6英寸，5碟5叉1刀、1蜡烛、1生日快乐插牌、1纸质生日帽； 【储存方式】0-4℃冷藏保存，收到产品后1-2小时内食用为佳，限当天食用</span></p><p>月售 21 好评率 100%</p><p>¥</p><p>69.9</p><p>预估到手</p><p>¥79.9<span style=\"color: rgb(153, 153, 153);\">¥158</span></p><p>花镜 芝士慕斯蛋糕8英寸</p><p><span style=\"color: rgb(153, 153, 153);\">6味芝士慕斯 人气爆款热销超千万? 【主要原料】鸡蛋，稀奶油，干酪，纯牛奶，小麦粉，植物油，樱桃果酱，白砂糖，蓝莓果酱，果味酱。 【配件标配】10碟10叉1刀、1蜡烛、1生日快乐插牌、1生日帽 【产品规格】约8英寸（2-8人食用） 【储存方式】0-4℃冷藏保存，收到产品后1-2小时内食用为佳，限当天食用。 【温馨提示】对芒果有过敏反应者忌用，商品以实物为准。</span></p><p>月售 7 好评率 100%</p><p>¥</p><p>99.9</p><p>预估到手</p><p>¥109.9<span style=\"color: rgb(153, 153, 153);\">¥199</span></p><p>选规格</p><p>鲜果彩红盒子</p><p>圣女果</p><p>香甜</p><p>月售 1</p><p>¥</p><p>0</p><p>预估到手</p><p>¥9.9<span style=\"color: rgb(153, 153, 153);\">¥19.9</span></p><p>轻盈沐光 0添加蔗糖蛋糕8英寸</p><p><span style=\"color: rgb(153, 153, 153);\">0添加蔗糖戚风胚蛋糕 轻盈元气控甜 【主要原料】芒果，鸡蛋，稀奶油，小麦粉，异麦芽酮糖醇，饮用水； 【配件标配】10碟10叉1刀、1蜡烛、1生日快乐插牌、1生日帽 【规格】8英寸（2-8人食用） 【储存方式】0-4℃冷藏保存，收到产品后1-2小时内食用为佳，限当天食用。 【温馨提示】对芒果有过敏反应者忌用，商品以实物为准。</span></p><p>月售 6</p><p>¥</p><p>89.9</p><p>预估到手</p><p>¥99.9<span style=\"color: rgb(153, 153, 153);\">¥199</span></p><p>选规格</p><p>咸蛋黄松松 动物奶油蛋糕8英寸</p><p><span style=\"color: rgb(153, 153, 153);\">咸蛋黄流沙馅与海苔松松遇上芋泥，可咸可甜宝藏下午茶 【主要原料】动物奶油，鸡蛋，小麦粉，饮用水，纯牛奶，白砂糖 【规格】8英寸（2-8人食用） 【配件标配】6英寸配5碟5叉1刀，8英寸配10碟10叉1刀（均有1个生日快乐插牌1根蜡烛1个纸质生日帽） 【储存方式】0-4℃冷藏保存，收到产品后1-2小时内食用为佳</span></p><p>月售 1</p><p>¥</p><p>109.9</p><p>预估到手</p><p>¥119.9<span style=\"color: rgb(153, 153, 153);\">¥199</span></p><p>选规格</p><p>8英寸芒果千层</p><p><span style=\"color: rgb(153, 153, 153);\">多肉鲜芒清甜多汁，千层饼皮蛋香浓郁。 【主要原料】动物奶油，纯牛奶，芒果，鸡蛋，小麦粉，白砂糖。 【餐具标配】10叉10碟1刀（此产品属于下午茶品类暂不免费提供生日蜡烛、生日帽、生日牌等配件；如需可在蛋糕配件分类一起购买） 【产品规格】8英寸（2-8人食用） 【储存方式】0-4℃冷藏保存，收到产品后1-2小时内食用为佳，限当天食用。 【温馨提示】对芒果有过敏反应者忌用，商品以实物为准。</span></p><p>¥</p><p>80.9</p><p>预估到手</p><p>¥89.9<span style=\"color: rgb(153, 153, 153);\">¥149</span></p><p>选规格</p><p>杠上开花 动物奶油蛋糕</p><p><span style=\"color: rgb(153, 153, 153);\">愿你万事如意暴富来 杠上开花处处好牌。 【主要原材料】动物奶油，鸡蛋，芋泥，火龙果，代可可脂巧克力，小麦粉 【蛋糕规格】1磅2-5人食用，2磅2-8人食用，3磅9-12人食用，4磅13-15人食用，6磅20-25人食用 【配件标配】1磅5碟5叉，2磅10碟10叉，3-4磅15碟15叉，6磅25碟25叉。1把蛋糕刀、1盒蜡烛、1个生日帽、1个生日牌 【储存方式】0-4℃冷藏保存，收到产品后1-2小时内食用为佳，限当天食用 【注意事项】1.本产品使用糖珠装饰，小朋友、老人食用需谨慎，防止噎喉 2.本产品使用配制酒进行调味</span></p><p>月售 1</p><p>¥</p><p>139.9</p><p>起</p><p>预估到手</p><p>¥149.9起<span style=\"color: rgb(153, 153, 153);\">¥178</span></p><p>选规格</p><p>杨枝甘露舞曲 动物奶油蛋糕8英寸</p><p><span style=\"color: rgb(153, 153, 153);\">鲜芒西柚椰果龙珠，加量版夏日甜品惊喜。 【夹心】杨枝甘露夹心； 【主要原料】生牛乳，鸡蛋，芒果，芒果果酱，饮用水； 【产品规格】约8英寸（约2-8人份）； 【蛋糕配件】10碟10叉1刀、1蜡烛、1生日快乐插牌、1生日帽； 【储存方式】0-4℃冷藏保存，收到产品后1-2小时内食用为佳，限当天食用。 【温馨提示】1、对芒果有过敏反应者忌用，商品以实物为准。</span></p><p>月售 1</p><p>¥</p><p>89.9</p><p>预估到手</p><p>¥99.9<span style=\"color: rgb(153, 153, 153);\">¥199</span></p><p>选规格</p><p>甜心莓莓 动物奶油蛋糕</p><p><span style=\"color: rgb(153, 153, 153);\">?文艺小清新草莓甜心，草莓甜酸可口。 【主要原料】动物奶油，鸡蛋，草莓，果冻，小麦粉。 【免费配件】1磅5叉5碟、2磅10叉10碟、1把蛋糕刀、1盒蜡烛、1个生日帽、1个生日牌 【储存方式】0-4℃冷藏保存，收到产品后1-2小时内食用为佳，限当天食用 【温馨提示】1、本产品使用果冻夹心，小朋友、老人食用时需谨慎，防止噎喉，商品以实物为准。</span></p><p>¥</p><p>119.9</p><p>起</p><p>预估到手</p><p>¥129.9起<span style=\"color: rgb(153, 153, 153);\">¥168</span></p><p>选规格</p><p>快乐星球 动物奶油儿童蛋糕</p><p><span style=\"color: rgb(153, 153, 153);\">登上满载鲜果的星球，成为快乐宇航员。 【主要原料】动物奶油，芒果，鸡蛋，小麦粉，白砂糖。 【产品规格】1磅（2-5人份）2磅（2-8人份）3磅（9-12人份）4磅（13-15人份） 【免费配件】1磅5叉5碟、2磅10叉10碟，3磅/4磅15叉15碟，1把蛋糕刀、1盒蜡烛、1个生日帽、1个生日牌 温馨提示：1磅、2磅是一层，3磅、4磅是两层 【储存方式】0-4℃冷藏保存，收到产品后1-2小时内食用为佳，限当天食用。 【温馨提示】1、对芒果有过敏反应者忌用，商品以实物为准； 2、本产品使用糖珠装饰，小朋友、老人食用时需谨慎，防止噎喉。</span></p><p>¥</p><p>149.9</p><p>起</p><p>预估到手</p><p>¥159.9起<span style=\"color: rgb(153, 153, 153);\">¥198</span></p><p>选规格</p><p><span style=\"color: rgb(255, 255, 255); background-color: rgba(0, 0, 0, 0.8);\">本店超出配送范围<br></span></p>',1,'2025-02-04 17:45:23');
INSERT INTO `product` VALUES (2,'芋泥爆爆 香浓芋泥蛋糕6英寸','http://localhost:1000/file/23c5718f371efe9a8fa66247b3bae06d.png','http://localhost:1000/file/23c5718f371efe9a8fa66247b3bae06d.png',6,79.9,98,2,'<p><br></p><p><br></p><p>用户好评</p><p>84条评价</p><p><span style=\"color: rgb(25, 25, 25);\">3***3</span></p><p>蛋糕造型设计的很漂亮，味道浓郁，每一口都很美味！</p><p>2图</p><p><span style=\"color: rgb(25, 25, 25);\">3***1</span></p><p>#【爆浆流心】芋泥小蛋糕 6英寸动物奶油下午茶甜品 芋泥爆爆# 性价比超高，足够四五个人份的下午茶了，颜值也很高，也不会很甜，小料很多，口感丰富。下次试一下其他款。</p><p>2图</p><p><span style=\"color: rgb(25, 25, 25);\">薄***Z</span></p><p>#【爆浆流心】芋泥小蛋糕 6英寸动物奶油下午茶甜品 芋泥爆爆# 配送快，超级爱芋泥口味，跟朋友分享刚刚好，也不会甜腻，下次还试试其他口味??</p><p>1图</p><p><span style=\"color: rgb(25, 25, 25);\">3***2</span></p><p>正 #【爆浆流心】芋泥小蛋糕 6英寸动物奶油下午茶甜品 芋泥爆爆# 蛋糕不错，甜度间间好，吃起来不会很甜口感也挺好的，现做的新鲜，下午茶生日蛋糕首选。</p><p>3图</p><p><span style=\"color: rgb(25, 25, 25);\">匿名用户</span></p><p>#【爆浆流心】芋泥小蛋糕 6英寸动物奶油下午茶甜品 芋泥爆爆# 好吃，很不错。。。。。。。。。。。。。。</p><p>1图</p><p><span style=\"color: rgb(25, 25, 25);\">e***9</span></p><p>#【爆浆流心】芋泥小蛋糕 6英寸动物奶油下午茶甜品 芋泥爆爆# ，very nice，都在图里，蛋糕超赞，口感细腻，奶油不腻，服务也很好，发货迅速，强烈推荐！</p><p>2图</p><p><span style=\"color: rgb(25, 25, 25);\">匿名用户</span></p><p>超喜欢上面的爆珠！整体吃起来一点都不腻！早知道应该拿回来冻一会再吃，应该会更好吃～下次还来～</p><p>2图</p><p><span style=\"color: rgb(25, 25, 25);\">4***1</span></p><p>很好吃，蛋糕也很好看，送货准时</p><p>1图</p><p><span style=\"color: rgb(25, 25, 25);\">m***w</span></p><p>味道口感： #【爆浆流心】芋泥小蛋糕 6英寸动物奶油下午茶甜品 芋泥爆爆-6英寸# 口感很好哦，奶油很细腻顺滑，不会很甜，很新鲜哦，还有那酸奶块，也是挺好吃的，那爆珠一颗颗的，在嘴里爆开的感觉，只有体会过了才能知道哦。 餐品分量：我们三个人一起，感觉有点多哦 包装品质：包装透明，一眼就能看到蛋糕很精致，拿在手上，提着很高大上哦 配送满意，细节严谨，，超赞哦</p><p><span style=\"color: rgb(25, 25, 25);\">初***1</span></p><p>老客户了，蛋糕甜而不腻，食材新鲜，下次再来</p><p>1图</p><p>查看评价详情</p><p>用户好评</p><p>84条评价</p><p><span style=\"color: rgb(25, 25, 25);\">3***3</span></p><p>蛋糕造型设计的很漂亮，味道浓郁，每一口都很美味！</p><p>2图</p><p><span style=\"color: rgb(25, 25, 25);\">3***1</span></p><p>#【爆浆流心】芋泥小蛋糕 6英寸动物奶油下午茶甜品 芋泥爆爆# 性价比超高，足够四五个人份的下午茶了，颜值也很高，也不会很甜，小料很多，口感丰富。下次试一下其他款。</p><p>2图</p><p><span style=\"color: rgb(25, 25, 25);\">薄***Z</span></p><p>#【爆浆流心】芋泥小蛋糕 6英寸动物奶油下午茶甜品 芋泥爆爆# 配送快，超级爱芋泥口味，跟朋友分享刚刚好，也不会甜腻，下次还试试其他口味??</p><p>1图</p><p><span style=\"color: rgb(25, 25, 25);\">3***2</span></p><p>正 #【爆浆流心】芋泥小蛋糕 6英寸动物奶油下午茶甜品 芋泥爆爆# 蛋糕不错，甜度间间好，吃起来不会很甜口感也挺好的，现做的新鲜，下午茶生日蛋糕首选。</p><p>3图</p><p><span style=\"color: rgb(25, 25, 25);\">匿名用户</span></p><p>#【爆浆流心】芋泥小蛋糕 6英寸动物奶油下午茶甜品 芋泥爆爆# 好吃，很不错。。。。。。。。。。。。。。</p><p>1图</p><p><span style=\"color: rgb(25, 25, 25);\">e***9</span></p><p>#【爆浆流心】芋泥小蛋糕 6英寸动物奶油下午茶甜品 芋泥爆爆# ，very nice，都在图里，蛋糕超赞，口感细腻，奶油不腻，服务也很好，发货迅速，强烈推荐！</p><p>2图</p><p><span style=\"color: rgb(25, 25, 25);\">匿名用户</span></p><p>超喜欢上面的爆珠！整体吃起来一点都不腻！早知道应该拿回来冻一会再吃，应该会更好吃～下次还来～</p><p>2图</p><p><span style=\"color: rgb(25, 25, 25);\">4***1</span></p><p>很好吃，蛋糕也很好看，送货准时</p><p>1图</p><p><span style=\"color: rgb(25, 25, 25);\">m***w</span></p><p>味道口感： #【爆浆流心】芋泥小蛋糕 6英寸动物奶油下午茶甜品 芋泥爆爆-6英寸# 口感很好哦，奶油很细腻顺滑，不会很甜，很新鲜哦，还有那酸奶块，也是挺好吃的，那爆珠一颗颗的，在嘴里爆开的感觉，只有体会过了才能知道哦。 餐品分量：我们三个人一起，感觉有点多哦 包装品质：包装透明，一眼就能看到蛋糕很精致，拿在手上，提着很高大上哦 配送满意，细节严谨，，超赞哦</p><p><span style=\"color: rgb(25, 25, 25);\">初***1</span></p><p>老客户了，蛋糕甜而不腻，食材新鲜，下次再来</p><p>1图</p><p>查看评价详情</p><p>1/4</p><p>评价</p><p>88.1</p><p>¥79.9</p><p>¥</p><p>69.9</p><p>预估到手</p><p><span style=\"color: rgb(153, 153, 153);\">¥158</span></p><p>5.06折</p><p>限2份</p><p>芋泥爆爆 香浓芋泥蛋糕6英寸</p><p>月售 21 好评率 100%</p><p>+ 加入购物车</p><p>详情</p><p>评价</p><p>推荐</p><p>¥79.9</p><p>¥</p><p>69.9</p><p>预估到手</p><p><span style=\"color: rgb(153, 153, 153);\">¥158</span></p><p>5.06折</p><p>限2份</p><p>详情</p><p>评价</p><p>84</p><p>推荐</p><p><span style=\"color: rgb(25, 25, 25);\">商品详情</span></p><p>商品描述</p><p>【主要原料】动物奶油（稀奶油），鸡蛋，纯牛奶，香芋，小麦粉，果味酱【配件标配】6英寸，5碟5叉1刀、1蜡烛、1生日快乐插牌、1纸质生日帽；【储存方式】0-4℃冷藏保存，收到产品后1-2小时内食用为佳，限当天食用</p><p>原料</p><p>动物奶油,鸡蛋,纯牛奶</p><p>份量</p><p>约6英寸</p><p>制作方法</p><p> 烘焙</p><p>奶油类型</p><p> 动物奶油</p><p>甜品流派</p><p> 西点</p><p>包装特色</p><p> 保温</p><p>价格说明</p><p>商品评价</p><p>查看全部评价</p><p>全部 84</p><p>有图/视频 26</p><p>最新</p><p>3***3</p><p>2024-11-07</p><p>蛋糕造型设计的很漂亮，味道浓郁，每一口都很美味！</p><p>TA点赞了该商品</p><p>有用1</p><p>3***1</p><p>2024-09-08</p><p><span style=\"color: rgb(207, 21, 45);\">#【爆浆流心】芋泥小蛋糕 6英寸动物奶油下午茶甜品 芋泥爆爆#</span> 性价比超高，足够四五个人份的下午茶了，颜值也很高，也不会很甜，小料很多，口感丰富。下次试一下其他款。</p><p>TA点赞了该商品</p><p>有用1</p><p>更多推荐</p><p>花镜 芝士慕斯蛋糕8英寸</p><p><span style=\"color: rgb(153, 153, 153);\">6味芝士慕斯 人气爆款热销超千万? 【主要原料】鸡蛋，稀奶油，干酪，纯牛奶，小麦粉，植物油，樱桃果酱，白砂糖，蓝莓果酱，果味酱。 【配件标配】10碟10叉1刀、1蜡烛、1生日快乐插牌、1生日帽 【产品规格】约8英寸（2-8人食用） 【储存方式】0-4℃冷藏保存，收到产品后1-2小时内食用为佳，限当天食用。 【温馨提示】对芒果有过敏反应者忌用，商品以实物为准。</span></p><p>月售 7 好评率 100%</p><p>¥</p><p>99.9</p><p>预估到手</p><p>¥109.9<span style=\"color: rgb(153, 153, 153);\">¥199</span></p><p>选规格</p><p>鲜果彩红盒子</p><p>圣女果</p><p>香甜</p><p>月售 1</p><p>¥</p><p>0</p><p>预估到手</p><p>¥9.9<span style=\"color: rgb(153, 153, 153);\">¥19.9</span></p><p>森林小红帽 巧克力草莓蛋糕6英寸</p><p><span style=\"color: rgb(139, 81, 30);\">\"酸酸甜甜\"</span></p><p>月售 38 好评率 100%</p><p>¥</p><p>69.9</p><p>预估到手</p><p>¥79.9<span style=\"color: rgb(153, 153, 153);\">¥169</span></p><p>轻盈沐光 0添加蔗糖蛋糕8英寸</p><p><span style=\"color: rgb(153, 153, 153);\">0添加蔗糖戚风胚蛋糕 轻盈元气控甜 【主要原料】芒果，鸡蛋，稀奶油，小麦粉，异麦芽酮糖醇，饮用水； 【配件标配】10碟10叉1刀、1蜡烛、1生日快乐插牌、1生日帽 【规格】8英寸（2-8人食用） 【储存方式】0-4℃冷藏保存，收到产品后1-2小时内食用为佳，限当天食用。 【温馨提示】对芒果有过敏反应者忌用，商品以实物为准。</span></p><p>月售 6</p><p>¥</p><p>89.9</p><p>预估到手</p><p>¥99.9<span style=\"color: rgb(153, 153, 153);\">¥199</span></p><p>选规格</p><p>咸蛋黄松松 动物奶油蛋糕8英寸</p><p><span style=\"color: rgb(153, 153, 153);\">咸蛋黄流沙馅与海苔松松遇上芋泥，可咸可甜宝藏下午茶 【主要原料】动物奶油，鸡蛋，小麦粉，饮用水，纯牛奶，白砂糖 【规格】8英寸（2-8人食用） 【配件标配】6英寸配5碟5叉1刀，8英寸配10碟10叉1刀（均有1个生日快乐插牌1根蜡烛1个纸质生日帽） 【储存方式】0-4℃冷藏保存，收到产品后1-2小时内食用为佳</span></p><p>月售 1</p><p>¥</p><p>109.9</p><p>预估到手</p><p>¥119.9<span style=\"color: rgb(153, 153, 153);\">¥199</span></p><p>选规格</p><p>8英寸芒果千层</p><p><span style=\"color: rgb(153, 153, 153);\">多肉鲜芒清甜多汁，千层饼皮蛋香浓郁。 【主要原料】动物奶油，纯牛奶，芒果，鸡蛋，小麦粉，白砂糖。 【餐具标配】10叉10碟1刀（此产品属于下午茶品类暂不免费提供生日蜡烛、生日帽、生日牌等配件；如需可在蛋糕配件分类一起购买） 【产品规格】8英寸（2-8人食用） 【储存方式】0-4℃冷藏保存，收到产品后1-2小时内食用为佳，限当天食用。 【温馨提示】对芒果有过敏反应者忌用，商品以实物为准。</span></p><p>¥</p><p>80.9</p><p>预估到手</p><p>¥89.9<span style=\"color: rgb(153, 153, 153);\">¥149</span></p><p>选规格</p><p>杠上开花 动物奶油蛋糕</p><p><span style=\"color: rgb(153, 153, 153);\">愿你万事如意暴富来 杠上开花处处好牌。 【主要原材料】动物奶油，鸡蛋，芋泥，火龙果，代可可脂巧克力，小麦粉 【蛋糕规格】1磅2-5人食用，2磅2-8人食用，3磅9-12人食用，4磅13-15人食用，6磅20-25人食用 【配件标配】1磅5碟5叉，2磅10碟10叉，3-4磅15碟15叉，6磅25碟25叉。1把蛋糕刀、1盒蜡烛、1个生日帽、1个生日牌 【储存方式】0-4℃冷藏保存，收到产品后1-2小时内食用为佳，限当天食用 【注意事项】1.本产品使用糖珠装饰，小朋友、老人食用需谨慎，防止噎喉 2.本产品使用配制酒进行调味</span></p><p>月售 1</p><p>¥</p><p>139.9</p><p>起</p><p>预估到手</p><p>¥149.9起<span style=\"color: rgb(153, 153, 153);\">¥178</span></p><p>选规格</p><p>杨枝甘露舞曲 动物奶油蛋糕8英寸</p><p><span style=\"color: rgb(153, 153, 153);\">鲜芒西柚椰果龙珠，加量版夏日甜品惊喜。 【夹心】杨枝甘露夹心； 【主要原料】生牛乳，鸡蛋，芒果，芒果果酱，饮用水； 【产品规格】约8英寸（约2-8人份）； 【蛋糕配件】10碟10叉1刀、1蜡烛、1生日快乐插牌、1生日帽； 【储存方式】0-4℃冷藏保存，收到产品后1-2小时内食用为佳，限当天食用。 【温馨提示】1、对芒果有过敏反应者忌用，商品以实物为准。</span></p><p>月售 1</p><p>¥</p><p>89.9</p><p>预估到手</p><p>¥99.9<span style=\"color: rgb(153, 153, 153);\">¥199</span></p><p>选规格</p><p>甜心莓莓 动物奶油蛋糕</p><p><span style=\"color: rgb(153, 153, 153);\">?文艺小清新草莓甜心，草莓甜酸可口。 【主要原料】动物奶油，鸡蛋，草莓，果冻，小麦粉。 【免费配件】1磅5叉5碟、2磅10叉10碟、1把蛋糕刀、1盒蜡烛、1个生日帽、1个生日牌 【储存方式】0-4℃冷藏保存，收到产品后1-2小时内食用为佳，限当天食用 【温馨提示】1、本产品使用果冻夹心，小朋友、老人食用时需谨慎，防止噎喉，商品以实物为准。</span></p><p>¥</p><p>119.9</p><p>起</p><p>预估到手</p><p>¥129.9起<span style=\"color: rgb(153, 153, 153);\">¥168</span></p><p>选规格</p><p>快乐星球 动物奶油儿童蛋糕</p><p><span style=\"color: rgb(153, 153, 153);\">登上满载鲜果的星球，成为快乐宇航员。 【主要原料】动物奶油，芒果，鸡蛋，小麦粉，白砂糖。 【产品规格】1磅（2-5人份）2磅（2-8人份）3磅（9-12人份）4磅（13-15人份） 【免费配件】1磅5叉5碟、2磅10叉10碟，3磅/4磅15叉15碟，1把蛋糕刀、1盒蜡烛、1个生日帽、1个生日牌 温馨提示：1磅、2磅是一层，3磅、4磅是两层 【储存方式】0-4℃冷藏保存，收到产品后1-2小时内食用为佳，限当天食用。 【温馨提示】1、对芒果有过敏反应者忌用，商品以实物为准； 2、本产品使用糖珠装饰，小朋友、老人食用时需谨慎，防止噎喉。</span></p><p>¥</p><p>149.9</p><p>起</p><p>预估到手</p><p>¥159.9起<span style=\"color: rgb(153, 153, 153);\">¥198</span></p><p>选规格</p><p><span style=\"color: rgb(255, 255, 255); background-color: rgba(0, 0, 0, 0.8);\">本店超出配送范围<br></span></p>',1,'2025-02-04 18:05:26');
INSERT INTO `product` VALUES (3,'卤蛋螺蛳粉','http://localhost:1000/file/b71f5c8063b0dc7eda2f29eb4f7509d9.png','http://localhost:1000/file/b71f5c8063b0dc7eda2f29eb4f7509d9.png',2,16.88,64,36,'<p><br></p><p><br></p><p>9</p><p>¥16.88</p><p>¥</p><p>7.88</p><p>预估到手</p><p>卤蛋螺蛳粉</p><p>月售 13</p><p>+ 加入购物车</p><p>详情</p><p>评价</p><p>推荐</p><p>¥16.88</p><p>¥</p><p>7.88</p><p>预估到手</p><p>详情</p><p>评价</p><p>2</p><p>推荐</p><p><span style=\"color: rgb(25, 25, 25);\">商品详情</span></p><p>商品描述</p><p>卤蛋配上螺蛳粉，天生一对！</p><p>原料</p><p>米粉,鸡蛋,螺蛳</p><p>份量</p><p>1人份</p><p>荤素</p><p> 素菜</p><p>制作方法</p><p> 煮</p><p>辅料</p><p> 葱、卤水</p><p>口味</p><p> 咸香</p><p>辣度</p><p>不辣,微辣,中辣,特辣</p><p>价格说明</p><p>商品评价</p><p>查看全部评价</p><p>全部 2</p><p>有图/视频</p><p>最新</p><p>9***c</p><p>2024-07-19</p><p>真棒</p><p>TA点赞了该商品</p><p>有用</p><p>更多推荐</p><p>炸蛋螺蛳粉</p><p>月售 100+ 好评率 99%</p><p>¥</p><p>9.69</p><p>预估到手</p><p>¥18.69<span style=\"color: rgb(153, 153, 153);\">¥18.88</span></p><p>选规格</p><p>招牌原味螺蛳粉</p><p>月售 200+ 好评率 99%</p><p>¥</p><p>4.88</p><p>预估到手</p><p>¥13.88</p><p>选规格</p><p>煎蛋螺蛳粉</p><p><span style=\"color: rgb(102, 102, 102);\">咸香</span></p><p>月售 26 好评率 100%</p><p>¥</p><p>7.89</p><p>预估到手</p><p>¥16.99<span style=\"color: rgb(153, 153, 153);\">¥17.88</span></p><p>选规格</p><p>三鲜螺蛳粉</p><p><span style=\"color: rgb(153, 153, 153);\">配菜有酸笋（微微辣）、酸豆角、腐竹、木耳、花生、生菜、葱花、（需备注），有不喜欢吃的，可备注，当然爱吃的也可向我们商家备注，我们会加倍的给亲奉上。</span></p><p>月售 35 好评率 98%</p><p>¥</p><p>10.4</p><p>预估到手</p><p>¥19.4<span style=\"color: rgb(153, 153, 153);\">¥19.88</span></p><p>选规格</p><p>锅烧螺蛳粉</p><p><span style=\"color: rgb(139, 81, 30);\">\"太好吃了\"</span></p><p>月售 27 好评率 99%</p><p>¥</p><p>10.48</p><p>预估到手</p><p>¥19.48<span style=\"color: rgb(153, 153, 153);\">¥19.88</span></p><p>选规格</p><p>猪脚螺蛳粉</p><p><span style=\"color: rgb(139, 81, 30);\">\"口感好吃\"</span></p><p>月售 26 好评率 100%</p><p>¥</p><p>17.18</p><p>预估到手</p><p>¥27.18<span style=\"color: rgb(153, 153, 153);\">¥27.99</span></p><p>选规格</p><p>鸭脚螺蛳粉。</p><p><span style=\"color: rgb(139, 81, 30);\">\"辣度刚刚好\"</span></p><p>月售 38</p><p>¥</p><p>9.88</p><p>预估到手</p><p>¥18.88</p><p>选规格</p><p>叉烧螺蛳粉</p><p><span style=\"color: rgb(139, 81, 30);\">\"很好吃\"</span></p><p>月售 19 好评率 99%</p><p>¥</p><p>10.2</p><p>预估到手</p><p>¥19.2<span style=\"color: rgb(153, 153, 153);\">¥19.88</span></p><p>选规格</p><p>螺蛳粉+牛腩+卤蛋</p><p><span style=\"color: rgb(153, 153, 153);\">l螺蛳粉+牛腩+卤蛋</span></p><p>月售 17 好评率 99%</p><p>¥</p><p>12.09</p><p>预估到手</p><p>¥21.09<span style=\"color: rgb(153, 153, 153);\">¥21.88</span></p><p>选规格</p><p>鸭脚螺蛳粉</p><p><span style=\"color: rgb(139, 81, 30);\">\"很正宗\"</span></p><p>月售 14 好评率 100%</p><p>¥</p><p>9.88</p><p>预估到手</p><p>¥18.88</p><p>选规格</p><p><span style=\"color: rgb(255, 255, 255); background-color: rgba(0, 0, 0, 0.8);\">本店超出配送范围<br></span></p>',4,'2025-02-04 18:12:26');
INSERT INTO `product` VALUES (4,'草莓流心爆爆 香草海盐蛋糕6英寸','http://localhost:1000/file/e1a48a5c2373c755b8b79ce90c0a1e92.png','http://localhost:1000/file/e1a48a5c2373c755b8b79ce90c0a1e92.png,http://localhost:1000/file/96eef06d3cc3227ca099dda8d92da95f.png',6,99.9,100,0,'<p><br></p><p><br></p><p>2/2</p><p>68.1</p><p>¥99.9</p><p>¥</p><p>89.9</p><p>预估到手</p><p><span style=\"color: rgb(153, 153, 153);\">¥158</span></p><p>6.32折</p><p>限2份</p><p>草莓流心爆爆 香草海盐蛋糕6英寸</p><p>月售 6</p><p>+ 加入购物车</p><p>详情</p><p>评价</p><p>推荐</p><p>¥99.9</p><p>¥</p><p>89.9</p><p>预估到手</p><p><span style=\"color: rgb(153, 153, 153);\">¥158</span></p><p>6.32折</p><p>限2份</p><p>详情</p><p>评价</p><p>1</p><p>推荐</p><p><span style=\"color: rgb(25, 25, 25);\">商品详情</span></p><p>商品描述</p><p>【主要原料】动物奶油(稀奶油)，鲜草莓，鲜鸡蛋，原味戚风蛋糕胚【夹心】草莓爆浆流心【蛋糕配件】5碟5叉1刀1个生日快乐插牌1根蜡烛1个纸质生日帽【储存方式】0-4℃冷藏保存，收到产品后1-2小时内食用为佳，限当天食用</p><p>原料</p><p>草莓,动物奶油</p><p>份量</p><p>约6英寸</p><p>制作方法</p><p> 烘焙</p><p>辅料</p><p> 香草、海盐</p><p>口味</p><p> 草莓味</p><p>奶油类型</p><p> 动物奶油</p><p>是否含糖</p><p> 含糖</p><p>包装特色</p><p> 定制设计</p><p>制作时长</p><p> 15～30分钟</p><p>储存方式</p><p> 冷藏</p><p>价格说明</p><p>商品评价</p><p>查看全部评价</p><p>更多推荐</p><p>芋泥爆爆 香浓芋泥蛋糕6英寸</p><p><span style=\"color: rgb(153, 153, 153);\">【主要原料】动物奶油（稀奶油），鸡蛋，纯牛奶，香芋，小麦粉，果味酱 【配件标配】6英寸，5碟5叉1刀、1蜡烛、1生日快乐插牌、1纸质生日帽； 【储存方式】0-4℃冷藏保存，收到产品后1-2小时内食用为佳，限当天食用</span></p><p>月售 21 好评率 100%</p><p>¥</p><p>69.9</p><p>预估到手</p><p>¥79.9<span style=\"color: rgb(153, 153, 153);\">¥158</span></p><p>花镜 芝士慕斯蛋糕8英寸</p><p><span style=\"color: rgb(153, 153, 153);\">6味芝士慕斯 人气爆款热销超千万? 【主要原料】鸡蛋，稀奶油，干酪，纯牛奶，小麦粉，植物油，樱桃果酱，白砂糖，蓝莓果酱，果味酱。 【配件标配】10碟10叉1刀、1蜡烛、1生日快乐插牌、1生日帽 【产品规格】约8英寸（2-8人食用） 【储存方式】0-4℃冷藏保存，收到产品后1-2小时内食用为佳，限当天食用。 【温馨提示】对芒果有过敏反应者忌用，商品以实物为准。</span></p><p>月售 7 好评率 100%</p><p>¥</p><p>99.9</p><p>预估到手</p><p>¥109.9<span style=\"color: rgb(153, 153, 153);\">¥199</span></p><p>选规格</p><p>鲜果彩红盒子</p><p>圣女果</p><p>香甜</p><p>月售 1</p><p>¥</p><p>0</p><p>预估到手</p><p>¥9.9<span style=\"color: rgb(153, 153, 153);\">¥19.9</span></p><p>森林小红帽 巧克力草莓蛋糕6英寸</p><p><span style=\"color: rgb(139, 81, 30);\">\"酸酸甜甜\"</span></p><p>月售 38 好评率 100%</p><p>¥</p><p>69.9</p><p>预估到手</p><p>¥79.9<span style=\"color: rgb(153, 153, 153);\">¥169</span></p><p>轻盈沐光 0添加蔗糖蛋糕8英寸</p><p><span style=\"color: rgb(153, 153, 153);\">0添加蔗糖戚风胚蛋糕 轻盈元气控甜 【主要原料】芒果，鸡蛋，稀奶油，小麦粉，异麦芽酮糖醇，饮用水； 【配件标配】10碟10叉1刀、1蜡烛、1生日快乐插牌、1生日帽 【规格】8英寸（2-8人食用） 【储存方式】0-4℃冷藏保存，收到产品后1-2小时内食用为佳，限当天食用。 【温馨提示】对芒果有过敏反应者忌用，商品以实物为准。</span></p><p>月售 6</p><p>¥</p><p>89.9</p><p>预估到手</p><p>¥99.9<span style=\"color: rgb(153, 153, 153);\">¥199</span></p><p>选规格</p><p>咸蛋黄松松 动物奶油蛋糕8英寸</p><p><span style=\"color: rgb(153, 153, 153);\">咸蛋黄流沙馅与海苔松松遇上芋泥，可咸可甜宝藏下午茶 【主要原料】动物奶油，鸡蛋，小麦粉，饮用水，纯牛奶，白砂糖 【规格】8英寸（2-8人食用） 【配件标配】6英寸配5碟5叉1刀，8英寸配10碟10叉1刀（均有1个生日快乐插牌1根蜡烛1个纸质生日帽） 【储存方式】0-4℃冷藏保存，收到产品后1-2小时内食用为佳</span></p><p>月售 1</p><p>¥</p><p>109.9</p><p>预估到手</p><p>¥119.9<span style=\"color: rgb(153, 153, 153);\">¥199</span></p><p>选规格</p><p>8英寸芒果千层</p><p><span style=\"color: rgb(153, 153, 153);\">多肉鲜芒清甜多汁，千层饼皮蛋香浓郁。 【主要原料】动物奶油，纯牛奶，芒果，鸡蛋，小麦粉，白砂糖。 【餐具标配】10叉10碟1刀（此产品属于下午茶品类暂不免费提供生日蜡烛、生日帽、生日牌等配件；如需可在蛋糕配件分类一起购买） 【产品规格】8英寸（2-8人食用） 【储存方式】0-4℃冷藏保存，收到产品后1-2小时内食用为佳，限当天食用。 【温馨提示】对芒果有过敏反应者忌用，商品以实物为准。</span></p><p>¥</p><p>80.9</p><p>预估到手</p><p>¥89.9<span style=\"color: rgb(153, 153, 153);\">¥149</span></p><p>选规格</p><p>杠上开花 动物奶油蛋糕</p><p><span style=\"color: rgb(153, 153, 153);\">愿你万事如意暴富来 杠上开花处处好牌。 【主要原材料】动物奶油，鸡蛋，芋泥，火龙果，代可可脂巧克力，小麦粉 【蛋糕规格】1磅2-5人食用，2磅2-8人食用，3磅9-12人食用，4磅13-15人食用，6磅20-25人食用 【配件标配】1磅5碟5叉，2磅10碟10叉，3-4磅15碟15叉，6磅25碟25叉。1把蛋糕刀、1盒蜡烛、1个生日帽、1个生日牌 【储存方式】0-4℃冷藏保存，收到产品后1-2小时内食用为佳，限当天食用 【注意事项】1.本产品使用糖珠装饰，小朋友、老人食用需谨慎，防止噎喉 2.本产品使用配制酒进行调味</span></p><p>月售 1</p><p>¥</p><p>139.9</p><p>起</p><p>预估到手</p><p>¥149.9起<span style=\"color: rgb(153, 153, 153);\">¥178</span></p><p>选规格</p><p>杨枝甘露舞曲 动物奶油蛋糕8英寸</p><p><span style=\"color: rgb(153, 153, 153);\">鲜芒西柚椰果龙珠，加量版夏日甜品惊喜。 【夹心】杨枝甘露夹心； 【主要原料】生牛乳，鸡蛋，芒果，芒果果酱，饮用水； 【产品规格】约8英寸（约2-8人份）； 【蛋糕配件】10碟10叉1刀、1蜡烛、1生日快乐插牌、1生日帽； 【储存方式】0-4℃冷藏保存，收到产品后1-2小时内食用为佳，限当天食用。 【温馨提示】1、对芒果有过敏反应者忌用，商品以实物为准。</span></p><p>月售 1</p><p>¥</p><p>89.9</p><p>预估到手</p><p>¥99.9<span style=\"color: rgb(153, 153, 153);\">¥199</span></p><p>选规格</p><p>甜心莓莓 动物奶油蛋糕</p><p><span style=\"color: rgb(153, 153, 153);\">?文艺小清新草莓甜心，草莓甜酸可口。 【主要原料】动物奶油，鸡蛋，草莓，果冻，小麦粉。 【免费配件】1磅5叉5碟、2磅10叉10碟、1把蛋糕刀、1盒蜡烛、1个生日帽、1个生日牌 【储存方式】0-4℃冷藏保存，收到产品后1-2小时内食用为佳，限当天食用 【温馨提示】1、本产品使用果冻夹心，小朋友、老人食用时需谨慎，防止噎喉，商品以实物为准。</span></p><p>¥</p><p>119.9</p><p>起</p><p>预估到手</p><p>¥129.9起<span style=\"color: rgb(153, 153, 153);\">¥168</span></p><p>选规格</p><p><span style=\"color: rgb(255, 255, 255); background-color: rgba(0, 0, 0, 0.8);\">本店超出配送范围<br></span></p>',1,'2025-02-10 14:40:48');
INSERT INTO `product` VALUES (5,'空心菜螺蛳粉','http://localhost:1000/file/4f57c0ee6cadc4ab03fab1a3a33fa70b.png','http://localhost:1000/file/4f57c0ee6cadc4ab03fab1a3a33fa70b.png',2,18.8,99,1,'<p><br></p><p><br></p><p>用户好评</p><p>59条评价</p><p><span style=\"color: rgb(25, 25, 25);\">D***E</span></p><p>量很足 好吃 尤其是空心菜 我真的太爱了 吃过很多家螺蛳粉还是觉得这家好吃</p><p><span style=\"color: rgb(25, 25, 25);\">7***a</span></p><p>经常吃这家的螺狮粉，粉太多了根本吃不完 。</p><p><span style=\"color: rgb(25, 25, 25);\">匿名用户</span></p><p>#螺蛳粉+空心菜# 中辣辣得要死，之前点特辣都没这么辣，辣度是看心情放的是吧</p><p><span style=\"color: rgb(25, 25, 25);\">8***4</span></p><p>味道口感： #螺蛳粉+空心菜# #网红炸蛋# 很奈斯！</p><p>查看评价详情</p><p>用户好评</p><p>59条评价</p><p><span style=\"color: rgb(25, 25, 25);\">D***E</span></p><p>量很足 好吃 尤其是空心菜 我真的太爱了 吃过很多家螺蛳粉还是觉得这家好吃</p><p><span style=\"color: rgb(25, 25, 25);\">7***a</span></p><p>经常吃这家的螺狮粉，粉太多了根本吃不完 。</p><p><span style=\"color: rgb(25, 25, 25);\">匿名用户</span></p><p>#螺蛳粉+空心菜# 中辣辣得要死，之前点特辣都没这么辣，辣度是看心情放的是吧</p><p><span style=\"color: rgb(25, 25, 25);\">8***4</span></p><p>味道口感： #螺蛳粉+空心菜# #网红炸蛋# 很奈斯！</p><p>查看评价详情</p><p>1/1</p><p>评价</p><p>10</p><p>¥18.88</p><p>¥</p><p>8.88</p><p>预估到手</p><p>空心菜螺蛳粉</p><p>月售 62 好评率 97%</p><p>+ 加入购物车</p><p>详情</p><p>评价</p><p>推荐</p><p>¥18.88</p><p>¥</p><p>8.88</p><p>预估到手</p><p>详情</p><p>评价</p><p>59</p><p>推荐</p><p><span style=\"color: rgb(25, 25, 25);\">商品详情</span></p><p>商品描述</p><p>配菜有酸笋（微微辣）、酸豆角、腐竹、木耳、花生、生菜、葱花、（需备注），有不喜欢吃的，可备注，当然爱吃的也可向我们商家备注，我们会加倍的给亲奉上。</p><p>原料</p><p>螺蛳,米粉</p><p>份量</p><p>1人份</p><p>辅料</p><p> 酸笋</p><p>地方特色</p><p> 广西</p><p>口味</p><p> 酸辣</p><p>辣度</p><p>不辣,微辣,中辣,特辣</p><p>价格说明</p><p>商品评价</p><p>查看全部评价</p><p>全部 59</p><p>有图/视频 2</p><p>最新</p><p>D***E</p><p>2024-06-25</p><p>量很足 好吃 尤其是空心菜 我真的太爱了 吃过很多家螺蛳粉还是觉得这家好吃</p><p>TA点赞了该商品</p><p>有用</p><p>7***a</p><p>2024-06-02</p><p>经常吃这家的螺狮粉，粉太多了根本吃不完 。</p><p>TA点赞了该商品</p><p>有用</p><p>更多推荐</p><p>螺蛳粉＋豆腐串＋煎蛋</p><p><span style=\"color: rgb(139, 81, 30);\">\"汤好好喝\"</span></p><p>月售 46 好评率 97%</p><p>¥</p><p>11.44</p><p>预估到手</p><p>¥20.44<span style=\"color: rgb(153, 153, 153);\">¥20.88</span></p><p>选规格</p><p>炸蛋螺蛳粉</p><p>月售 100+ 好评率 99%</p><p>¥</p><p>9.69</p><p>预估到手</p><p>¥18.69<span style=\"color: rgb(153, 153, 153);\">¥18.88</span></p><p>选规格</p><p>招牌原味螺蛳粉</p><p>月售 200+ 好评率 99%</p><p>¥</p><p>4.88</p><p>预估到手</p><p>¥13.88</p><p>选规格</p><p>螺蛳粉＋炸蛋＋豆腐串</p><p><span style=\"color: rgb(139, 81, 30);\">\"味道很不错\"</span></p><p>月售 51 好评率 94%</p><p>¥</p><p>12.09</p><p>预估到手</p><p>¥21.09<span style=\"color: rgb(153, 153, 153);\">¥23</span></p><p>选规格</p><p>螺蛳粉+带皮鸭脚+空心菜</p><p><span style=\"color: rgb(139, 81, 30);\">\"挺好吃\"</span></p><p>月售 33 好评率 98%</p><p>¥</p><p>12.66</p><p>预估到手</p><p>¥21.66<span style=\"color: rgb(153, 153, 153);\">¥21.88</span></p><p>选规格</p><p>煎蛋螺蛳粉</p><p><span style=\"color: rgb(102, 102, 102);\">咸香</span></p><p>月售 26 好评率 100%</p><p>¥</p><p>7.89</p><p>预估到手</p><p>¥16.99<span style=\"color: rgb(153, 153, 153);\">¥17.88</span></p><p>选规格</p><p>三鲜螺蛳粉</p><p><span style=\"color: rgb(153, 153, 153);\">配菜有酸笋（微微辣）、酸豆角、腐竹、木耳、花生、生菜、葱花、（需备注），有不喜欢吃的，可备注，当然爱吃的也可向我们商家备注，我们会加倍的给亲奉上。</span></p><p>月售 35 好评率 98%</p><p>¥</p><p>10.4</p><p>预估到手</p><p>¥19.4<span style=\"color: rgb(153, 153, 153);\">¥19.88</span></p><p>选规格</p><p>螺蛳粉＋鸭脚＋鸡蛋</p><p><span style=\"color: rgb(102, 102, 102);\">地道柳州螺蛳粉</span></p><p>月售 13</p><p>¥</p><p>12.98</p><p>预估到手</p><p>¥21.98<span style=\"color: rgb(153, 153, 153);\">¥22.5</span></p><p>选规格</p><p>螺蛳粉+叉烧+煎蛋</p><p><span style=\"color: rgb(139, 81, 30);\">\"面料舒适\"</span></p><p>月售 7 好评率 100%</p><p>¥</p><p>12.66</p><p>预估到手</p><p>¥21.66<span style=\"color: rgb(153, 153, 153);\">¥21.88</span></p><p>选规格</p><p>螺蛳粉＋锅烧＋煎蛋</p><p><span style=\"color: rgb(102, 102, 102);\">广西柳州风味</span></p><p>月售 18</p><p>¥</p><p>13.09</p><p>预估到手</p><p>¥22.09<span style=\"color: rgb(153, 153, 153);\">¥23.88</span></p><p>选规格</p><p><span style=\"color: rgb(255, 255, 255); background-color: rgba(0, 0, 0, 0.8);\">本店超出配送范围<br></span></p>',4,'2025-02-10 14:44:20');
INSERT INTO `product` VALUES (6,'吮指快乐4件套','http://localhost:1000/file/ee98cf68549c0d326d2a7fe04f45e087.png','http://localhost:1000/file/ee98cf68549c0d326d2a7fe04f45e087.png',8,36.9,99,1,'<p><br></p><p><br></p><p>26.5</p><p>¥36.9</p><p>¥</p><p>28.5</p><p>预估到手</p><p><span style=\"color: rgb(153, 153, 153);\">¥55</span></p><p>6.71折</p><p>限1份</p><p>吮指快乐4件套</p><p>月售 3</p><p>+ 加入购物车</p><p>详情</p><p>推荐</p><p>¥36.9</p><p>¥</p><p>28.5</p><p>预估到手</p><p><span style=\"color: rgb(153, 153, 153);\">¥55</span></p><p>6.71折</p><p>限1份</p><p>详情</p><p>推荐</p><p><span style=\"color: rgb(25, 25, 25);\">商品详情</span></p><p>商品描述</p><p>主食1份（可选）+小食1份（可选）+葡式蛋挞1只+百事可乐(中)1杯。主要原料：挞皮、蛋液、淡奶油、牛奶，百事可乐糖浆、二氧化碳、水。温馨提示：原味鸡/脆皮鸡出餐部位随机搭配。产品及包装以实物为准。</p><p>原料</p><p>鸡肉</p><p>口味</p><p> 微辣</p><p>价格说明</p><p>更多推荐</p><p>红豆派(1只装)</p><p><span style=\"color: rgb(153, 153, 153);\">酥脆外皮包裹红豆香，甜甜蜜蜜。红豆派1个。主要原料：红豆派。产品及包装以实物为准。</span></p><p>月售 11</p><p>¥</p><p>0</p><p>预估到手</p><p>¥8.5</p><p>香辣鸡腿汉堡(辣)</p><p><span style=\"color: rgb(102, 102, 102);\">微辣</span></p><p>月售 5 好评率 97%</p><p>¥</p><p>13.5</p><p>预估到手</p><p>¥22.5</p><p>老北京鸡肉卷</p><p><span style=\"color: rgb(102, 102, 102);\">微辣</span></p><p>月售 13 好评率 99%</p><p>¥</p><p>12.5</p><p>预估到手</p><p>¥21.5</p><p>黑椒汁汁双层嫩牛堡</p><p><span style=\"color: rgb(102, 102, 102);\">黑胡椒</span></p><p>月售 1</p><p>¥</p><p>12.5</p><p>预估到手</p><p>¥21.5</p><p>热辣香骨鸡(3块装)</p><p><span style=\"color: rgb(102, 102, 102);\">微辣</span></p><p>月售 6 好评率 100%</p><p>¥</p><p>5.8</p><p>预估到手</p><p>¥15</p><p>香辣鸡翅(20块装)</p><p><span style=\"color: rgb(102, 102, 102);\">微辣</span></p><p>月售 3</p><p>¥</p><p>91.5</p><p>预估到手</p><p>¥99<span style=\"color: rgb(153, 153, 153);\">¥145</span></p><p><span style=\"color: rgb(255, 255, 255); background-color: rgba(0, 0, 0, 0.8);\">本店超出配送范围<br></span></p>',2,'2025-02-10 14:47:26');
INSERT INTO `product` VALUES (7,'薯条(大)','http://localhost:1000/file/5b5e6ca90a820a8448730a95ef3e678f.png','http://localhost:1000/file/5b5e6ca90a820a8448730a95ef3e678f.png',8,6.5,100,0,'<p><br></p><p><br></p><p>16</p><p>¥6.5</p><p>¥</p><p>0</p><p>预估到手</p><p><span style=\"color: rgb(153, 153, 153);\">¥16</span></p><p>4.06折</p><p>限1份</p><p>单点不送</p><p>薯条(大)</p><p>月售 2</p><p>+ 加入购物车</p><p>详情</p><p>推荐</p><p>¥6.5</p><p>¥</p><p>0</p><p>预估到手</p><p><span style=\"color: rgb(153, 153, 153);\">¥16</span></p><p>4.06折</p><p>限1份</p><p>单点不送</p><p>详情</p><p>推荐</p><p><span style=\"color: rgb(25, 25, 25);\">商品详情</span></p><p>商品描述</p><p>薯条(大)1份。主要原料：薯条。产品及包装以实物为准。</p><p>原料</p><p>土豆</p><p>口味</p><p> 原味、原味</p><p>价格说明</p><p>更多推荐</p><p>红豆派(1只装)</p><p><span style=\"color: rgb(153, 153, 153);\">酥脆外皮包裹红豆香，甜甜蜜蜜。红豆派1个。主要原料：红豆派。产品及包装以实物为准。</span></p><p>月售 11</p><p>¥</p><p>0</p><p>预估到手</p><p>¥8.5</p><p>香辣鸡腿汉堡(辣)</p><p><span style=\"color: rgb(102, 102, 102);\">微辣</span></p><p>月售 5 好评率 97%</p><p>¥</p><p>13.5</p><p>预估到手</p><p>¥22.5</p><p>老北京鸡肉卷</p><p><span style=\"color: rgb(102, 102, 102);\">微辣</span></p><p>月售 13 好评率 99%</p><p>¥</p><p>12.5</p><p>预估到手</p><p>¥21.5</p><p>黑椒汁汁双层嫩牛堡</p><p><span style=\"color: rgb(102, 102, 102);\">黑胡椒</span></p><p>月售 1</p><p>¥</p><p>12.5</p><p>预估到手</p><p>¥21.5</p><p>热辣香骨鸡(3块装)</p><p><span style=\"color: rgb(102, 102, 102);\">微辣</span></p><p>月售 6 好评率 100%</p><p>¥</p><p>5.8</p><p>预估到手</p><p>¥15</p><p>香辣鸡翅(20块装)</p><p><span style=\"color: rgb(102, 102, 102);\">微辣</span></p><p>月售 3</p><p>¥</p><p>91.5</p><p>预估到手</p><p>¥99<span style=\"color: rgb(153, 153, 153);\">¥145</span></p><p><span style=\"color: rgb(255, 255, 255); background-color: rgba(0, 0, 0, 0.8);\">本店超出配送范围<br></span></p>',2,'2025-02-10 14:49:30');
INSERT INTO `product` VALUES (8,'堡堡任选4件套','http://localhost:1000/file/bd0a3e7a42b0400fc5eac8f74e7b34c5.png','http://localhost:1000/file/bd0a3e7a42b0400fc5eac8f74e7b34c5.png',8,34,100,0,'<p><br></p><p><br></p><p>32.9</p><p>¥34</p><p>¥</p><p>25.6</p><p>预估到手</p><p><span style=\"color: rgb(153, 153, 153);\">¥58.5</span></p><p>5.81折</p><p>限1份</p><p>堡堡任选4件套</p><p>月售 1</p><p>+ 加入购物车</p><p>详情</p><p>评价</p><p>推荐</p><p>¥34</p><p>¥</p><p>25.6</p><p>预估到手</p><p><span style=\"color: rgb(153, 153, 153);\">¥58.5</span></p><p>5.81折</p><p>限1份</p><p>详情</p><p>评价</p><p>1</p><p>推荐</p><p><span style=\"color: rgb(25, 25, 25);\">商品详情</span></p><p>商品描述</p><p>主食1份（可选）+小食1份（可选）+葡式蛋挞1只+九珍果汁饮料1杯。主要原料：挞皮、蛋液、淡奶油、牛奶，九珍(混合)果汁饮料浓缩液、水。产品及包装以实物为准。</p><p>原料</p><p>鸡肉</p><p>口味</p><p> 微辣</p><p>价格说明</p><p>商品评价</p><p>查看全部评价</p><p>更多推荐</p><p>红豆派(1只装)</p><p><span style=\"color: rgb(153, 153, 153);\">酥脆外皮包裹红豆香，甜甜蜜蜜。红豆派1个。主要原料：红豆派。产品及包装以实物为准。</span></p><p>月售 11</p><p>¥</p><p>0</p><p>预估到手</p><p>¥8.5</p><p>香辣鸡腿汉堡(辣)</p><p><span style=\"color: rgb(102, 102, 102);\">微辣</span></p><p>月售 5 好评率 97%</p><p>¥</p><p>13.5</p><p>预估到手</p><p>¥22.5</p><p>老北京鸡肉卷</p><p><span style=\"color: rgb(102, 102, 102);\">微辣</span></p><p>月售 13 好评率 99%</p><p>¥</p><p>12.5</p><p>预估到手</p><p>¥21.5</p><p>黑椒汁汁双层嫩牛堡</p><p><span style=\"color: rgb(102, 102, 102);\">黑胡椒</span></p><p>月售 1</p><p>¥</p><p>12.5</p><p>预估到手</p><p>¥21.5</p><p>热辣香骨鸡(3块装)</p><p><span style=\"color: rgb(102, 102, 102);\">微辣</span></p><p>月售 6 好评率 100%</p><p>¥</p><p>5.8</p><p>预估到手</p><p>¥15</p><p>香辣鸡翅(20块装)</p><p><span style=\"color: rgb(102, 102, 102);\">微辣</span></p><p>月售 3</p><p>¥</p><p>91.5</p><p>预估到手</p><p>¥99<span style=\"color: rgb(153, 153, 153);\">¥145</span></p><p><span style=\"color: rgb(255, 255, 255); background-color: rgba(0, 0, 0, 0.8);\">本店超出配送范围<br></span></p>',2,'2025-02-10 14:52:32');
INSERT INTO `product` VALUES (9,'嫩牛堡可乐两件套','http://localhost:1000/file/c643feef0abfd01a922d36ea10a28069.png','http://localhost:1000/file/c643feef0abfd01a922d36ea10a28069.png',8,15.9,100,0,'<p><br></p><p><br></p><p>24.6</p><p>¥15.9</p><p>¥</p><p>6.9</p><p>预估到手</p><p><span style=\"color: rgb(153, 153, 153);\">¥31.5</span></p><p>5.05折</p><p>单点不送</p><p>嫩牛堡可乐两件套</p><p>月售 2</p><p>+ 加入购物车</p><p>详情</p><p>推荐</p><p>¥15.9</p><p><span style=\"color: rgb(153, 153, 153);\">¥31.5</span></p><p>¥</p><p>6.9</p><p>预估到手</p><p>详情</p><p>推荐</p><p><span style=\"color: rgb(25, 25, 25);\">商品详情</span></p><p>商品描述</p><p>黑椒汁汁双层嫩牛堡1个+百事可乐(中)1杯。主要原料：牛肉饼、面包、生菜、酱，百事可乐糖浆、二氧化碳、水。产品及包装以实物为准。</p><p>原料</p><p>牛肉饼</p><p>口味</p><p> 黑胡椒</p><p>价格说明</p><p>更多推荐</p><p>红豆派(1只装)</p><p><span style=\"color: rgb(153, 153, 153);\">酥脆外皮包裹红豆香，甜甜蜜蜜。红豆派1个。主要原料：红豆派。产品及包装以实物为准。</span></p><p>月售 11</p><p>¥</p><p>0</p><p>预估到手</p><p>¥8.5</p><p>香辣鸡腿汉堡(辣)</p><p><span style=\"color: rgb(102, 102, 102);\">微辣</span></p><p>月售 5 好评率 97%</p><p>¥</p><p>13.5</p><p>预估到手</p><p>¥22.5</p><p>老北京鸡肉卷</p><p><span style=\"color: rgb(102, 102, 102);\">微辣</span></p><p>月售 13 好评率 99%</p><p>¥</p><p>12.5</p><p>预估到手</p><p>¥21.5</p><p>黑椒汁汁双层嫩牛堡</p><p><span style=\"color: rgb(102, 102, 102);\">黑胡椒</span></p><p>月售 1</p><p>¥</p><p>12.5</p><p>预估到手</p><p>¥21.5</p><p>热辣香骨鸡(3块装)</p><p><span style=\"color: rgb(102, 102, 102);\">微辣</span></p><p>月售 6 好评率 100%</p><p>¥</p><p>5.8</p><p>预估到手</p><p>¥15</p><p>香辣鸡翅(20块装)</p><p><span style=\"color: rgb(102, 102, 102);\">微辣</span></p><p>月售 3</p><p>¥</p><p>91.5</p><p>预估到手</p><p>¥99<span style=\"color: rgb(153, 153, 153);\">¥145</span></p><p><span style=\"color: rgb(255, 255, 255); background-color: rgba(0, 0, 0, 0.8);\">本店超出配送范围<br></span></p>',2,'2025-02-10 14:55:42');
INSERT INTO `product` VALUES (10,'万里木兰（锡兰红茶）','http://localhost:1000/file/969ed6e5bac0e3a8ce2ac95c8415cd55.png','http://localhost:1000/file/969ed6e5bac0e3a8ce2ac95c8415cd55.png',7,17,100,0,'<p><br></p><p><br></p><p>用户好评</p><p>19条评价</p><p><span style=\"color: rgb(25, 25, 25);\">匿名用户</span></p><p>#万里木兰（锡兰红茶）-大杯# 不错，一直点，感觉比较健康，好喝 支持支持支持支持</p><p>1图</p><p><span style=\"color: rgb(25, 25, 25);\">e***7</span></p><p>#万里木兰（锡兰红茶）-大杯# 万里木兰红茶，香气浓郁，口感醇厚，大杯份量足，物超所值，非常满意！#万里木兰(锡兰红茶)-大杯#口感醇厚，香气四溢，包装精美，发货迅速，服务周到，非常满意！</p><p><span style=\"color: rgb(25, 25, 25);\">匿名用户</span></p><p>#万里木兰（锡兰红茶）-大杯# 还是和那个味道咯，好评好评好评好评好评好评</p><p>1图</p><p><span style=\"color: rgb(25, 25, 25);\">筱***T</span></p><p>超喜欢这个味道，太赞了，粉了！</p><p>1图</p><p><span style=\"color: rgb(25, 25, 25);\">e***2</span></p><p>好喝</p><p><span style=\"color: rgb(25, 25, 25);\">4***d</span></p><p>非常nice</p><p>1图</p><p><span style=\"color: rgb(25, 25, 25);\">4***d</span></p><p>非常棒！</p><p>1图</p><p>查看评价详情</p><p>用户好评</p><p>19条评价</p><p><span style=\"color: rgb(25, 25, 25);\">匿名用户</span></p><p>#万里木兰（锡兰红茶）-大杯# 不错，一直点，感觉比较健康，好喝 支持支持支持支持</p><p>1图</p><p><span style=\"color: rgb(25, 25, 25);\">e***7</span></p><p>#万里木兰（锡兰红茶）-大杯# 万里木兰红茶，香气浓郁，口感醇厚，大杯份量足，物超所值，非常满意！#万里木兰(锡兰红茶)-大杯#口感醇厚，香气四溢，包装精美，发货迅速，服务周到，非常满意！</p><p><span style=\"color: rgb(25, 25, 25);\">匿名用户</span></p><p>#万里木兰（锡兰红茶）-大杯# 还是和那个味道咯，好评好评好评好评好评好评</p><p>1图</p><p><span style=\"color: rgb(25, 25, 25);\">筱***T</span></p><p>超喜欢这个味道，太赞了，粉了！</p><p>1图</p><p><span style=\"color: rgb(25, 25, 25);\">e***2</span></p><p>好喝</p><p><span style=\"color: rgb(25, 25, 25);\">4***d</span></p><p>非常nice</p><p>1图</p><p><span style=\"color: rgb(25, 25, 25);\">4***d</span></p><p>非常棒！</p><p>1图</p><p>查看评价详情</p><p>1/1</p><p>评价</p><p>9</p><p>¥17起</p><p>¥</p><p>8</p><p>起</p><p>预估到手</p><p>万里木兰（锡兰红茶）</p><p>月售 100+ 好评率 100%</p><p>+ 加入购物车</p><p>详情</p><p>评价</p><p>¥17起</p><p>¥</p><p>8</p><p>起</p><p>预估到手</p><p>详情</p><p>评价</p><p>19</p><p><span style=\"color: rgb(25, 25, 25);\">商品详情</span></p><p>商品描述</p><p>精选不同海拔的锡兰红茶进行拼配，茶香高长、果香丰富、甜香清凉和优质牛乳结合，细腻丝滑，滋味饱满醇厚。*主要成分：锡兰红茶、优质牛乳、冰勃朗非氢化基底乳*温馨提示：原叶真茶，现制现萃。茶叶本身含有咖啡因，请茶友根据自身情况合理把握饮用时间。奶茶中杯约470ml，奶茶大杯约为580ml。「去冰」选项仅指去除杯中的冰块，而非提供常温饮品</p><p>原料</p><p>牛乳,锡兰红茶</p><p>份量</p><p>1杯</p><p>温度</p><p>标准冰,少冰,去冰,热</p><p>口味</p><p> 甜</p><p>茶底</p><p> 红茶</p><p>牛奶（奶基底）</p><p> 牛奶</p><p>价格说明</p><p>商品评价</p><p>查看全部评价</p><p>全部 19</p><p>有图/视频 5</p><p>最新</p><p>匿名用户</p><p>2024-12-27</p><p><span style=\"color: rgb(145, 33, 30);\">#万里木兰（锡兰红茶）-大杯#</span> 不错，一直点，感觉比较健康，好喝 支持支持支持支持</p><p>TA点赞了该商品</p><p>有用</p><p>e***7</p><p>2024-08-20</p><p><span style=\"color: rgb(145, 33, 30);\">#万里木兰（锡兰红茶）-大杯#</span> 万里木兰红茶，香气浓郁，口感醇厚，大杯份量足，物超所值，非常满意！#万里木兰(锡兰红茶)-大杯#口感醇厚，香气四溢，包装精美，发货迅速，服务周到，非常满意！</p><p>TA点赞了该商品</p><p>有用</p><p><span style=\"color: rgb(255, 255, 255); background-color: rgba(0, 0, 0, 0.8);\">本店超出配送范围<br></span></p>',3,'2025-02-10 14:57:41');
INSERT INTO `product` VALUES (11,'玫瑰丛中（玫瑰水仙）','http://localhost:1000/file/a59d4c14772c112d921d6a4d34ae1d07.png','http://localhost:1000/file/a59d4c14772c112d921d6a4d34ae1d07.png',7,19,100,0,'<p>商品描述</p><p>茶底选用云南重瓣红玫瑰，搭配福建中轻焙火水仙乌龙。优质牛乳加入，玫瑰花香先行入口，馥郁香甜；乌龙兰香后至，干净收尾，余韵回甘。*主要成份：玫瑰水仙、优质牛乳、冰勃朗非氢化基底乳。奶茶中杯约470ml，奶茶大杯约为580ml。包装2款随机，以实际到手为准。先到先得，售完即止。「去冰」选项仅指去除杯中的冰块，而非提供常温饮品</p><p>原料</p><p>牛乳</p><p>份量</p><p>1杯</p><p>温度</p><p>标准冰,少冰,去冰,热</p><p>口味</p><p> 甜</p><p>茶底</p><p> 乌龙茶</p><p>牛奶（奶基底）</p><p> 牛奶</p><p><span style=\"color: rgb(255, 255, 255); background-color: rgba(0, 0, 0, 0.8);\"><br></span></p>',3,'2025-02-10 15:00:52');
INSERT INTO `product` VALUES (12,'伯牙绝弦（茉莉雪芽）','http://localhost:1000/file/dbe613c1b5a8e689376d6195591af57e.png','http://localhost:1000/file/a042807404fc7a2f901e5236f87d5bd8.png,http://localhost:1000/file/dbe613c1b5a8e689376d6195591af57e.png',7,17,100,0,'<p><span style=\"color: rgb(25, 25, 25);\">商品详情</span></p><p>商品描述</p><p>霸王茶姬经典款&畅销款，累计销量突破6亿杯*。原叶茶胚经过三到五次的横县双瓣茉莉窨制的苦利雪芽，芽叶细嫩，口感清新自然，搭配优质牛乳，层次丰富，回味悠长，不做作*主要成分：茉莉雪芽、优质牛乳、冰勃朗非氢化基底乳*数据来源：弗若斯特沙利文，起止日期2021年1月1日~2024年8月13日。奶茶中杯约470ml，奶茶大杯约为580ml。「去冰」选项仅指去除杯中的冰块，而非提供常温饮品</p><p>原料</p><p>绿茶,鲜牛乳</p><p>份量</p><p>1杯</p><p>温度</p><p>标准冰,少冰,去冰,热</p><p>辅料</p><p> 糖浆</p><p>口味</p><p> 甜</p><p>茶底</p><p> 绿茶</p><p>牛奶（奶基底）</p><p> 牛奶</p><p><br></p>',3,'2025-02-10 15:02:43');

--
-- Table structure for table `product_browsing_history`
--

DROP TABLE IF EXISTS `product_browsing_history`;
/*!40101 SET @saved_cs_client     = @@character_set_client */;
/*!50503 SET character_set_client = utf8mb4 */;
CREATE TABLE `product_browsing_history` (
                                            `id` int NOT NULL AUTO_INCREMENT COMMENT 'id',
                                            `product_id` int NOT NULL COMMENT '商品',
                                            `user_id` int NOT NULL COMMENT '用户',
                                            `create_time` timestamp NOT NULL DEFAULT CURRENT_TIMESTAMP COMMENT '创建时间',
                                            PRIMARY KEY (`id`) USING BTREE
) ENGINE=InnoDB AUTO_INCREMENT=201 DEFAULT CHARSET=utf8mb4 COLLATE=utf8mb4_unicode_ci ROW_FORMAT=DYNAMIC COMMENT='商品浏览历史';
/*!40101 SET character_set_client = @saved_cs_client */;

--
-- Dumping data for table `product_browsing_history`
--

INSERT INTO `product_browsing_history` VALUES (194,10,1,'2025-02-18 14:36:07');
INSERT INTO `product_browsing_history` VALUES (195,11,1,'2025-02-18 14:36:09');
INSERT INTO `product_browsing_history` VALUES (196,8,1,'2025-02-18 14:36:11');
INSERT INTO `product_browsing_history` VALUES (197,4,1,'2025-02-18 14:36:13');
INSERT INTO `product_browsing_history` VALUES (198,1,1,'2025-02-18 14:36:16');
INSERT INTO `product_browsing_history` VALUES (199,6,1,'2025-02-18 14:36:19');
INSERT INTO `product_browsing_history` VALUES (200,5,1,'2025-02-18 14:36:21');

--
-- Table structure for table `product_collect`
--

DROP TABLE IF EXISTS `product_collect`;
/*!40101 SET @saved_cs_client     = @@character_set_client */;
/*!50503 SET character_set_client = utf8mb4 */;
CREATE TABLE `product_collect` (
                                   `id` int NOT NULL AUTO_INCREMENT COMMENT 'id',
                                   `product_id` int NOT NULL COMMENT '商品',
                                   `user_id` int NOT NULL COMMENT '用户',
                                   `create_time` timestamp NOT NULL DEFAULT CURRENT_TIMESTAMP COMMENT '创建时间',
                                   PRIMARY KEY (`id`) USING BTREE
) ENGINE=InnoDB AUTO_INCREMENT=23 DEFAULT CHARSET=utf8mb4 COLLATE=utf8mb4_unicode_ci ROW_FORMAT=DYNAMIC COMMENT='商品收藏';
/*!40101 SET character_set_client = @saved_cs_client */;

--
-- Dumping data for table `product_collect`
--

INSERT INTO `product_collect` VALUES (18,1,1,'2025-02-18 14:36:03');
INSERT INTO `product_collect` VALUES (19,11,1,'2025-02-18 14:36:10');
INSERT INTO `product_collect` VALUES (20,8,1,'2025-02-18 14:36:12');
INSERT INTO `product_collect` VALUES (21,4,1,'2025-02-18 14:36:14');
INSERT INTO `product_collect` VALUES (22,5,1,'2025-02-18 14:36:22');

--
-- Table structure for table `product_order`
--

DROP TABLE IF EXISTS `product_order`;
/*!40101 SET @saved_cs_client     = @@character_set_client */;
/*!50503 SET character_set_client = utf8mb4 */;
CREATE TABLE `product_order` (
                                 `id` int NOT NULL AUTO_INCREMENT COMMENT 'id',
                                 `product_id` int NOT NULL COMMENT '商品',
                                 `shop_id` int NOT NULL COMMENT '店铺',
                                 `total_money` int NOT NULL COMMENT '总金额',
                                 `quantity` int NOT NULL COMMENT '数量',
                                 `user_id` int NOT NULL COMMENT '用户',
                                 `status` varchar(255) CHARACTER SET utf8mb4 COLLATE utf8mb4_unicode_ci NOT NULL COMMENT '状态',
                                 `consignee_name` varchar(255) CHARACTER SET utf8mb4 COLLATE utf8mb4_unicode_ci NOT NULL COMMENT '收货人姓名',
                                 `consignee_tel` varchar(255) CHARACTER SET utf8mb4 COLLATE utf8mb4_unicode_ci NOT NULL COMMENT '收货人电话',
                                 `consignee_address` text CHARACTER SET utf8mb4 COLLATE utf8mb4_unicode_ci NOT NULL COMMENT '收货人地址',
                                 `rider_Info` varchar(255) COLLATE utf8mb4_unicode_ci DEFAULT NULL COMMENT '骑手信息',
                                 `remark` text CHARACTER SET utf8mb4 COLLATE utf8mb4_unicode_ci COMMENT '备注',
                                 `order_evaluate_id` int DEFAULT NULL COMMENT '评价Id',
                                 `create_time` timestamp NOT NULL DEFAULT CURRENT_TIMESTAMP COMMENT '创建时间',
                                 PRIMARY KEY (`id`) USING BTREE
) ENGINE=InnoDB AUTO_INCREMENT=4 DEFAULT CHARSET=utf8mb4 COLLATE=utf8mb4_unicode_ci ROW_FORMAT=DYNAMIC COMMENT='商品订单';
/*!40101 SET character_set_client = @saved_cs_client */;

--
-- Dumping data for table `product_order`
--

INSERT INTO `product_order` VALUES (2,5,4,19,1,1,'待配送','张三','13888888888','北京市海淀区颐和园路5号附件菜鸟驿站',NULL,'多加点辣椒',NULL,'2025-02-18 14:38:11');
INSERT INTO `product_order` VALUES (3,6,2,37,1,1,'已完成','张三','13888888888','北京市海淀区颐和园路5号附件菜鸟驿站','张三 1388888888','多加点辣椒',3,'2025-02-18 14:38:11');

--
-- Table structure for table `product_order_evaluate`
--

DROP TABLE IF EXISTS `product_order_evaluate`;
/*!40101 SET @saved_cs_client     = @@character_set_client */;
/*!50503 SET character_set_client = utf8mb4 */;
CREATE TABLE `product_order_evaluate` (
                                          `id` int NOT NULL AUTO_INCREMENT COMMENT 'id',
                                          `user_id` int NOT NULL COMMENT '用户',
                                          `product_id` int NOT NULL COMMENT '商品',
                                          `product_order_id` int NOT NULL COMMENT '订单',
                                          `content` text CHARACTER SET utf8mb4 COLLATE utf8mb4_unicode_ci NOT NULL COMMENT '内容',
                                          `rate` int NOT NULL COMMENT '评分',
                                          `create_time` timestamp NOT NULL DEFAULT CURRENT_TIMESTAMP COMMENT '创建时间',
                                          PRIMARY KEY (`id`) USING BTREE
) ENGINE=InnoDB AUTO_INCREMENT=4 DEFAULT CHARSET=utf8mb4 COLLATE=utf8mb4_unicode_ci ROW_FORMAT=DYNAMIC COMMENT='订单评价';
/*!40101 SET character_set_client = @saved_cs_client */;

--
-- Dumping data for table `product_order_evaluate`
--

INSERT INTO `product_order_evaluate` VALUES (3,1,6,3,'非常好吃',3,'2025-02-18 14:47:18');

--
-- Table structure for table `product_type`
--

DROP TABLE IF EXISTS `product_type`;
/*!40101 SET @saved_cs_client     = @@character_set_client */;
/*!50503 SET character_set_client = utf8mb4 */;
CREATE TABLE `product_type` (
                                `id` int NOT NULL AUTO_INCREMENT COMMENT 'id',
                                `name` varchar(255) CHARACTER SET utf8mb4 COLLATE utf8mb4_unicode_ci NOT NULL COMMENT '名称',
                                `remark` text CHARACTER SET utf8mb4 COLLATE utf8mb4_unicode_ci COMMENT '备注',
                                `create_time` timestamp NOT NULL DEFAULT CURRENT_TIMESTAMP COMMENT '创建时间',
                                PRIMARY KEY (`id`) USING BTREE
) ENGINE=InnoDB AUTO_INCREMENT=11 DEFAULT CHARSET=utf8mb4 COLLATE=utf8mb4_unicode_ci ROW_FORMAT=DYNAMIC COMMENT='商品分类';
/*!40101 SET character_set_client = @saved_cs_client */;

--
-- Dumping data for table `product_type`
--

INSERT INTO `product_type` VALUES (1,'前菜','沙拉、春卷等','2025-02-17 02:00:00');
INSERT INTO `product_type` VALUES (2,'主菜','牛排、炒饭等','2025-02-17 02:00:00');
INSERT INTO `product_type` VALUES (3,'海鲜','虾仁、鱼片等','2025-02-17 02:00:00');
INSERT INTO `product_type` VALUES (4,'素食','蔬菜豆腐、素炒面等','2025-02-17 02:00:00');
INSERT INTO `product_type` VALUES (5,'汤类','酸辣汤、鸡汤等','2025-02-17 02:00:00');
INSERT INTO `product_type` VALUES (6,'甜点','蛋糕、冰淇淋等','2025-02-17 02:00:00');
INSERT INTO `product_type` VALUES (7,'饮品','果汁、茶饮等','2025-02-17 02:00:00');
INSERT INTO `product_type` VALUES (8,'小吃','炸鸡翅、薯条等','2025-02-17 02:00:00');
INSERT INTO `product_type` VALUES (9,'米饭类','扬州炒饭、咖喱饭等','2025-02-17 02:00:00');
INSERT INTO `product_type` VALUES (10,'地方特色','麻辣火锅、北京烤鸭等','2025-02-17 02:00:00');

--
-- Table structure for table `shipping_address`
--

DROP TABLE IF EXISTS `shipping_address`;
/*!40101 SET @saved_cs_client     = @@character_set_client */;
/*!50503 SET character_set_client = utf8mb4 */;
CREATE TABLE `shipping_address` (
                                    `id` int NOT NULL AUTO_INCREMENT COMMENT 'id',
                                    `name` varchar(255) CHARACTER SET utf8mb4 COLLATE utf8mb4_unicode_ci NOT NULL COMMENT '姓名',
                                    `tel` varchar(255) CHARACTER SET utf8mb4 COLLATE utf8mb4_unicode_ci NOT NULL COMMENT '电话',
                                    `address` text CHARACTER SET utf8mb4 COLLATE utf8mb4_unicode_ci NOT NULL COMMENT '地址',
                                    `user_id` int NOT NULL COMMENT '用户',
                                    `create_time` timestamp NOT NULL DEFAULT CURRENT_TIMESTAMP COMMENT '创建时间',
                                    PRIMARY KEY (`id`) USING BTREE
) ENGINE=InnoDB AUTO_INCREMENT=2 DEFAULT CHARSET=utf8mb4 COLLATE=utf8mb4_unicode_ci ROW_FORMAT=DYNAMIC COMMENT='收货地址';
/*!40101 SET character_set_client = @saved_cs_client */;

--
-- Dumping data for table `shipping_address`
--

INSERT INTO `shipping_address` VALUES (1,'张三','13888888888','北京市海淀区颐和园路5号附件菜鸟驿站',1,'2025-02-05 11:18:11');

--
-- Table structure for table `shop`
--

DROP TABLE IF EXISTS `shop`;
/*!40101 SET @saved_cs_client     = @@character_set_client */;
/*!50503 SET character_set_client = utf8mb4 */;
CREATE TABLE `shop` (
                        `id` int NOT NULL AUTO_INCREMENT COMMENT 'id',
                        `username` varchar(255) CHARACTER SET utf8mb4 COLLATE utf8mb4_unicode_ci NOT NULL COMMENT '用户名',
                        `password` varchar(255) CHARACTER SET utf8mb4 COLLATE utf8mb4_unicode_ci NOT NULL COMMENT '密码',
                        `nickname` varchar(255) CHARACTER SET utf8mb4 COLLATE utf8mb4_unicode_ci NOT NULL COMMENT '昵称',
                        `avatar_url` varchar(255) CHARACTER SET utf8mb4 COLLATE utf8mb4_unicode_ci NOT NULL COMMENT '头像',
                        `tel` varchar(255) CHARACTER SET utf8mb4 COLLATE utf8mb4_unicode_ci DEFAULT NULL COMMENT '电话',
                        `email` varchar(255) CHARACTER SET utf8mb4 COLLATE utf8mb4_unicode_ci DEFAULT NULL COMMENT '邮箱',
                        `status` varchar(255) CHARACTER SET utf8mb4 COLLATE utf8mb4_unicode_ci NOT NULL COMMENT '状态',
                        `name` varchar(255) CHARACTER SET utf8mb4 COLLATE utf8mb4_unicode_ci NOT NULL COMMENT '名称',
                        `fans_count` int NOT NULL COMMENT '粉丝数量',
                        `aptitude_imgs` text CHARACTER SET utf8mb4 COLLATE utf8mb4_unicode_ci NOT NULL COMMENT '资质',
                        `create_time` timestamp NOT NULL DEFAULT CURRENT_TIMESTAMP COMMENT '创建时间',
                        PRIMARY KEY (`id`) USING BTREE
) ENGINE=InnoDB AUTO_INCREMENT=5 DEFAULT CHARSET=utf8mb4 COLLATE=utf8mb4_unicode_ci ROW_FORMAT=DYNAMIC COMMENT='店铺';
/*!40101 SET character_set_client = @saved_cs_client */;

--
-- Dumping data for table `shop`
--

INSERT INTO `shop` VALUES (1,'shop1','123456','幸福西饼','http://localhost:1000/file/58675caf14e7d3d28785b19ec1feeeac.png',NULL,NULL,'启用','幸福西饼',0,'http://localhost:1000/file/7219c28e9b8dff50e2d7a823a0a2e933.jpeg','2025-02-04 17:07:57');
INSERT INTO `shop` VALUES (2,'shop2','123456','坑德基','http://localhost:1000/file/de697f8a7cddd1b222344f323cb0dcf0.jpg',NULL,NULL,'启用','坑德基',0,'http://localhost:1000/file/7219c28e9b8dff50e2d7a823a0a2e933.jpeg','2025-02-18 13:37:25');
INSERT INTO `shop` VALUES (3,'shop3','123456','霸王茶姬','http://localhost:1000/file/2aa7c5c2aa2f3ed114a4bf5e9de83630.webp',NULL,NULL,'启用','霸王茶姬',0,'http://localhost:1000/file/7219c28e9b8dff50e2d7a823a0a2e933.jpeg','2025-02-18 13:38:47');
INSERT INTO `shop` VALUES (4,'shop4','123456','正宗螺狮粉','http://localhost:1000/file/25b07f60cbf6fca08536a46684ccfe28.jpg',NULL,NULL,'启用','正宗螺狮粉',0,'http://localhost:1000/file/7219c28e9b8dff50e2d7a823a0a2e933.jpeg','2025-02-18 13:39:44');

--
-- Table structure for table `shop_collect`
--

DROP TABLE IF EXISTS `shop_collect`;
/*!40101 SET @saved_cs_client     = @@character_set_client */;
/*!50503 SET character_set_client = utf8mb4 */;
CREATE TABLE `shop_collect` (
                                `id` int NOT NULL AUTO_INCREMENT COMMENT 'id',
                                `shop_id` int NOT NULL COMMENT '店铺',
                                `user_id` int NOT NULL COMMENT '用户',
                                `create_time` timestamp NOT NULL DEFAULT CURRENT_TIMESTAMP COMMENT '创建时间',
                                PRIMARY KEY (`id`) USING BTREE
) ENGINE=InnoDB AUTO_INCREMENT=27 DEFAULT CHARSET=utf8mb4 COLLATE=utf8mb4_unicode_ci ROW_FORMAT=DYNAMIC COMMENT='店铺收藏';
/*!40101 SET character_set_client = @saved_cs_client */;

--
-- Dumping data for table `shop_collect`
--


--
-- Table structure for table `shopping_cart`
--

DROP TABLE IF EXISTS `shopping_cart`;
/*!40101 SET @saved_cs_client     = @@character_set_client */;
/*!50503 SET character_set_client = utf8mb4 */;
CREATE TABLE `shopping_cart` (
                                 `id` int NOT NULL AUTO_INCREMENT COMMENT 'id',
                                 `product_id` int NOT NULL COMMENT '商品',
                                 `user_id` int NOT NULL COMMENT '用户',
                                 `quantity` int NOT NULL COMMENT '数量',
                                 `create_time` timestamp NOT NULL DEFAULT CURRENT_TIMESTAMP COMMENT '创建时间',
                                 PRIMARY KEY (`id`) USING BTREE
) ENGINE=InnoDB AUTO_INCREMENT=14 DEFAULT CHARSET=utf8mb4 COLLATE=utf8mb4_unicode_ci ROW_FORMAT=DYNAMIC COMMENT='购物车';
/*!40101 SET character_set_client = @saved_cs_client */;

--
-- Dumping data for table `shopping_cart`
--

INSERT INTO `shopping_cart` VALUES (7,2,1,300,'2025-01-08 14:52:07');
INSERT INTO `shopping_cart` VALUES (9,1,1,2,'2025-02-18 14:36:05');
INSERT INTO `shopping_cart` VALUES (10,10,1,1,'2025-02-18 14:36:08');
INSERT INTO `shopping_cart` VALUES (11,4,1,1,'2025-02-18 14:36:15');

--
-- Table structure for table `slideshow`
--

DROP TABLE IF EXISTS `slideshow`;
/*!40101 SET @saved_cs_client     = @@character_set_client */;
/*!50503 SET character_set_client = utf8mb4 */;
CREATE TABLE `slideshow` (
                             `id` int NOT NULL AUTO_INCREMENT COMMENT 'id',
                             `title` varchar(255) CHARACTER SET utf8mb4 COLLATE utf8mb4_unicode_ci NOT NULL COMMENT '标题',
                             `main_img` text CHARACTER SET utf8mb4 COLLATE utf8mb4_unicode_ci NOT NULL COMMENT '封面图',
                             `link` varchar(255) CHARACTER SET utf8mb4 COLLATE utf8mb4_unicode_ci NOT NULL COMMENT '链接',
                             `sort` int NOT NULL COMMENT '排序',
                             `create_time` timestamp NOT NULL DEFAULT CURRENT_TIMESTAMP COMMENT '创建时间',
                             PRIMARY KEY (`id`) USING BTREE
) ENGINE=InnoDB AUTO_INCREMENT=4 DEFAULT CHARSET=utf8mb4 COLLATE=utf8mb4_unicode_ci ROW_FORMAT=DYNAMIC COMMENT='轮播图';
/*!40101 SET character_set_client = @saved_cs_client */;

--
-- Dumping data for table `slideshow`
--

INSERT INTO `slideshow` VALUES (2,'坑德基','http://localhost:1000/file/c2b78097cbca97f45376303112e38516.jpeg','/productList?shopId=2',0,'2025-02-09 14:56:15');
INSERT INTO `slideshow` VALUES (3,'霸王茶姬','http://localhost:1000/file/93c412408e961e0f979712384d32374d.png','/productList?shopId=3',1,'2025-02-09 14:56:31');

--
-- Table structure for table `user`
--

DROP TABLE IF EXISTS `user`;
/*!40101 SET @saved_cs_client     = @@character_set_client */;
/*!50503 SET character_set_client = utf8mb4 */;
CREATE TABLE `user` (
                        `id` int NOT NULL AUTO_INCREMENT COMMENT 'id',
                        `username` varchar(255) CHARACTER SET utf8mb4 COLLATE utf8mb4_unicode_ci NOT NULL COMMENT '用户名',
                        `password` varchar(255) CHARACTER SET utf8mb4 COLLATE utf8mb4_unicode_ci NOT NULL COMMENT '密码',
                        `nickname` varchar(255) CHARACTER SET utf8mb4 COLLATE utf8mb4_unicode_ci NOT NULL COMMENT '昵称',
                        `avatar_url` varchar(255) CHARACTER SET utf8mb4 COLLATE utf8mb4_unicode_ci NOT NULL COMMENT '头像',
                        `tel` varchar(255) CHARACTER SET utf8mb4 COLLATE utf8mb4_unicode_ci DEFAULT NULL COMMENT '电话',
                        `email` varchar(255) CHARACTER SET utf8mb4 COLLATE utf8mb4_unicode_ci DEFAULT NULL COMMENT '邮箱',
                        `status` varchar(255) CHARACTER SET utf8mb4 COLLATE utf8mb4_unicode_ci NOT NULL COMMENT '状态',
                        `balance` int NOT NULL COMMENT '余额',
                        `create_time` timestamp NOT NULL DEFAULT CURRENT_TIMESTAMP COMMENT '创建时间',
                        PRIMARY KEY (`id`) USING BTREE
) ENGINE=InnoDB AUTO_INCREMENT=2 DEFAULT CHARSET=utf8mb4 COLLATE=utf8mb4_unicode_ci ROW_FORMAT=DYNAMIC COMMENT='普通用户';
/*!40101 SET character_set_client = @saved_cs_client */;

--
-- Dumping data for table `user`
--

INSERT INTO `user` VALUES (1,'user1','123456','用户1','http://localhost:1000/file/4a257f65c36236982d6d89bf55bdedf7.png','13888888888',NULL,'启用',9547,'2025-02-04 17:04:40');
/*!40103 SET TIME_ZONE=@OLD_TIME_ZONE */;

/*!40101 SET SQL_MODE=@OLD_SQL_MODE */;
/*!40014 SET FOREIGN_KEY_CHECKS=@OLD_FOREIGN_KEY_CHECKS */;
/*!40014 SET UNIQUE_CHECKS=@OLD_UNIQUE_CHECKS */;
/*!40101 SET CHARACTER_SET_CLIENT=@OLD_CHARACTER_SET_CLIENT */;
/*!40101 SET CHARACTER_SET_RESULTS=@OLD_CHARACTER_SET_RESULTS */;
/*!40101 SET COLLATION_CONNECTION=@OLD_COLLATION_CONNECTION */;
/*!40111 SET SQL_NOTES=@OLD_SQL_NOTES */;

-- Dump completed on 2025-02-18 23:13:53
